,순위,영화명,개봉일,매출액,매출액 점유율,관객수,스크린수,상영횟수,대표국적,국적,배급사,연령등급,장르,러닝타임,감독,개봉월,계절
0,1.0,아저씨,2010-08-04,47101332000.0,0.046,6178248.0,501.0,109853.0,한국,한국,CJ ENM,청소년 관람불가,액션,119.0,이정범,8.0,여름
1,2.0,인셉션,2010-07-21,43394990000.0,0.043,5827444.0,531.0,81891.0,미국,미국,"(주)디스테이션,워너브러더스 코리아(주)",12세 관람가,액션,147.0,크리스토퍼 놀란,7.0,여름
2,3.0,의형제,2010-02-04,40153729000.0,0.039,5416812.0,569.0,118243.0,한국,한국,(주)쇼박스,15세 관람가,액션,116.0,장훈,2.0,겨울
3,4.0,아이언맨 2,2010-04-29,32635195500.0,0.032,4425003.0,921.0,87665.0,미국,미국,CJ ENM,12세 관람가,SF,125.0,존 파브로,4.0,봄
4,5.0,전우치,2009-12-23,26345113000.0,0.026,3611472.0,556.0,73175.0,한국,한국,CJ ENM,12세 관람가,액션,136.0,최동훈,12.0,겨울
5,6.0,이끼,2010-07-14,25437300500.0,0.025,3350303.0,740.0,58198.0,한국,한국,CJ ENM,청소년 관람불가,드라마,163.0,강우석,7.0,여름
6,7.0,포화속으로,2010-06-16,23831958600.0,0.023,3330324.0,742.0,80091.0,한국,한국,롯데쇼핑㈜롯데엔터테인먼트,12세 관람가,전쟁,120.0,이재한,6.0,여름
7,8.0,하모니,2010-01-28,21641750000.0,0.021,3018131.0,384.0,77723.0,한국,한국,CJ ENM,12세 관람가,드라마,115.0,강대규,1.0,겨울
8,9.0,방자전,2010-06-02,22490024000.0,0.022,2985483.0,495.0,67562.0,한국,한국,CJ ENM,청소년 관람불가,드라마,124.0,김대우,6.0,여름
9,10.0,솔트,2010-07-29,21360288000.0,0.021,2869938.0,556.0,53679.0,미국,미국,한국소니픽쳐스릴리징브에나비스타영화㈜,15세 관람가,액션,99.0,필립 노이스,7.0,여름
10,11.0,부당거래,2010-10-28,20996302500.0,0.021,2722996.0,502.0,69703.0,한국,한국,CJ ENM,청소년 관람불가,범죄,119.0,류승완,10.0,가을
11,12.0,시라노; 연애조작단,2010-09-16,19838369000.0,0.019,2684783.0,415.0,77736.0,한국,한국,롯데쇼핑㈜롯데엔터테인먼트,12세 관람가,멜로/로맨스,117.0,김현석,9.0,가을
12,13.0,타이탄,2010-04-01,21796996500.0,0.021,2642483.0,694.0,87911.0,미국,미국,워너브러더스 코리아(주),12세 관람가,판타지,106.0,루이스 리터리어,4.0,봄
13,14.0,드래곤 길들이기,2010-05-20,27040606000.0,0.027,2562412.0,563.0,57264.0,미국,미국,"유니버설픽쳐스인터내셔널 코리아(유),CJ ENM",전체 관람가,애니메이션,104.0,딘 데블로이스,5.0,봄
14,15.0,해리 포터와 죽음의 성물1,2010-12-15,16974636000.0,0.017,2396988.0,717.0,40463.0,미국,미국,워너브러더스 코리아(주),전체 관람가,액션,146.0,데이빗 예이츠,12.0,겨울
15,16.0,하녀,2010-05-13,17038639000.0,0.017,2267556.0,555.0,59621.0,한국,한국,(주)싸이더스,청소년 관람불가,스릴러,106.0,임상수,5.0,봄
16,17.0,나잇&데이,2010-06-24,16777869600.0,0.016,2243484.0,494.0,54797.0,미국,미국,이십세기폭스코리아(주),15세 관람가,액션,109.0,제임스 맨골드,6.0,여름
17,18.0,슈렉 포에버,2010-07-01,22809145100.0,0.022,2223851.0,561.0,51317.0,미국,미국,CJ ENM,전체 관람가,애니메이션,93.0,마이크 미첼,7.0,여름
18,19.0,이상한 나라의 앨리스,2010-03-04,20334399500.0,0.02,2147012.0,397.0,58393.0,미국,미국,한국소니픽쳐스릴리징브에나비스타영화㈜,전체 관람가,판타지,108.0,팀 버튼,3.0,봄
19,20.0,초능력자,2010-11-10,15374489000.0,0.015,2130606.0,612.0,58000.0,한국,한국,(주)넥스트엔터테인먼트월드(NEW),15세 관람가,SF,114.0,김민석,11.0,가을
20,21.0,이클립스,2010-07-07,14945720000.0,0.015,2069246.0,535.0,46355.0,미국,미국,(주)넥스트엔터테인먼트월드(NEW),12세 관람가,판타지,124.0,데이빗 슬레이드,7.0,여름
21,22.0,쩨쩨한 로맨스,2010-12-01,15338827000.0,0.015,2009586.0,450.0,46199.0,한국,한국,롯데쇼핑㈜롯데엔터테인먼트,청소년 관람불가,멜로/로맨스,118.0,김정훈,12.0,겨울
22,23.0,페르시아의 왕자: 시간의 모래,2010-05-27,14483501000.0,0.0139999999999999,1970823.0,567.0,51307.0,미국,미국,한국소니픽쳐스릴리징브에나비스타영화㈜,12세 관람가,액션,116.0,마이크 뉴웰,5.0,봄
23,24.0,퍼시 잭슨과 번개 도둑,2010-02-11,13158158500.0,0.013,1846180.0,334.0,43667.0,미국,미국,이십세기폭스코리아(주),12세 관람가,판타지,118.0,크리스 콜럼버스,2.0,겨울
24,25.0,해결사,2010-09-09,13844624000.0,0.0139999999999999,1843404.0,525.0,59325.0,한국,한국,"(주)넥스트엔터테인먼트월드(NEW),(주)에스비에스콘텐츠허브",15세 관람가,액션,94.0,아칸 사타예브,9.0,가을
25,26.0,악마를 보았다,2010-08-12,13919416500.0,0.0139999999999999,1817063.0,490.0,42721.0,한국,한국,(주)쇼박스,청소년 관람불가,범죄,144.0,김지운,8.0,여름
26,27.0,로빈 후드,2010-05-13,11560588500.0,0.011,1570681.0,544.0,41953.0,미국,미국,유니버설픽쳐스인터내셔널 코리아(유),15세 관람가,액션,140.0,리들리 스콧,5.0,봄
27,28.0,무적자,2010-09-16,11629780500.0,0.011,1546132.0,412.0,46186.0,한국,"한국,홍콩,일본,태국",CJ ENM,15세 관람가,액션,124.0,송해성,9.0,가을
28,29.0,황해,2010-12-22,11524115000.0,0.011,1497242.0,618.0,23295.0,한국,"한국,미국,중국","(주)쇼박스,이십세기폭스코리아(주)",청소년 관람불가,범죄,156.0,나홍진,12.0,겨울
29,30.0,토이 스토리 3,2010-08-05,14319338600.0,0.0139999999999999,1458865.0,393.0,28615.0,미국,미국,한국소니픽쳐스릴리징브에나비스타영화㈜,전체 관람가,애니메이션,102.0,리 언크리치,8.0,여름
30,31.0,구르믈 버서난 달처럼,2010-04-28,10241716500.0,0.01,1383867.0,506.0,48314.0,한국,한국,에스케이텔레콤(주),15세 관람가,드라마,111.0,이준익,4.0,봄
31,32.0,라스트 에어벤더,2010-08-19,13854892500.0,0.0139999999999999,1371164.0,399.0,32416.0,미국,미국,CJ ENM,전체 관람가,액션,103.0,M. 나이트 샤말란,8.0,여름
32,33.0,헬로우 고스트,2010-12-22,9796273500.0,0.01,1356230.0,472.0,22865.0,한국,한국,(주)넥스트엔터테인먼트월드(NEW),12세 관람가,코미디,111.0,김영탁,12.0,겨울
33,34.0,육혈포 강도단,2010-03-18,8651186000.0,0.008,1214237.0,319.0,51941.0,한국,한국,롯데쇼핑㈜롯데엔터테인먼트,15세 관람가,범죄,107.0,강효진,3.0,봄
34,35.0,심야의 FM,2010-10-14,9179170500.0,0.009,1208306.0,423.0,50423.0,한국,한국,롯데쇼핑㈜롯데엔터테인먼트,청소년 관람불가,스릴러,106.0,김상만,10.0,가을
35,36.0,레지던트 이블 4: 끝나지 않은 전쟁 3D,2010-09-16,14533948000.0,0.0139999999999999,1190008.0,337.0,37849.0,독일,"독일,미국,영국",한국소니픽쳐스릴리징브에나비스타영화㈜,청소년 관람불가,액션,96.0,폴 앤더슨,9.0,가을
36,37.0,나니아 연대기: 새벽 출정호의 항해,2010-12-08,10889884000.0,0.011,1140201.0,493.0,32481.0,미국,미국,이십세기폭스코리아(주),전체 관람가,판타지,112.0,마이클 앱티드,12.0,겨울
37,38.0,용서는 없다,2010-01-07,8544828000.0,0.008,1118277.0,323.0,33614.0,한국,한국,(주)시네마서비스,청소년 관람불가,범죄,125.0,김형준,1.0,겨울
38,39.0,베스트셀러,2010-04-15,7983184500.0,0.008,1081752.0,308.0,41064.0,한국,한국,(주)시너지하우스 (시너지),15세 관람가,미스터리,117.0,이정호,4.0,봄
39,40.0,김종욱 찾기,2010-12-08,7894328000.0,0.008,1081748.0,427.0,31167.0,한국,한국,CJ ENM,12세 관람가,멜로/로맨스,112.0,장유정,12.0,겨울
40,41.0,마루 밑 아리에티,2010-09-09,7649985500.0,0.008,1065967.0,337.0,29804.0,일본,일본,CJ ENM,전체 관람가,애니메이션,94.0,요네바야시 히로마사,9.0,가을
41,42.0,셜록 홈즈,2009-12-23,7787961500.0,0.008,1052059.0,359.0,25768.0,미국,"미국,영국",워너브러더스 코리아(주),12세 관람가,액션,128.0,가이 리치,12.0,겨울
42,43.0,슈퍼 배드,2010-09-16,9717463000.0,0.01,1027050.0,338.0,24577.0,미국,미국,유니버설픽쳐스인터내셔널 코리아(유),전체 관람가,애니메이션,90.0,카일 발다,9.0,가을
43,44.0,파괴된 사나이,2010-07-01,7692092100.0,0.008,1012310.0,363.0,31985.0,한국,한국,(주)시너지하우스 (시너지),청소년 관람불가,스릴러,114.0,우민호,7.0,여름
44,45.0,셔터 아일랜드,2010-03-18,7407854500.0,0.0069999999999999,990223.0,272.0,29043.0,미국,미국,CJ ENM,15세 관람가,드라마,138.0,마틴 스콜세지,3.0,봄
45,46.0,평행이론,2010-02-18,6793066000.0,0.0069999999999999,921111.0,265.0,32341.0,한국,한국,CJ ENM,15세 관람가,스릴러,110.0,권호영,2.0,겨울
46,47.0,투어리스트,2010-12-09,6728872000.0,0.0069999999999999,901843.0,418.0,26842.0,미국,미국,한국소니픽쳐스릴리징브에나비스타영화㈜,15세 관람가,액션,100.0,플로리안 헨켈 폰 ...,12.0,겨울
47,48.0,스카이 라인,2010-11-24,6320601500.0,0.006,860340.0,427.0,31690.0,미국,미국,(주)화앤담이엔티,12세 관람가,SF,93.0,풀비오 세스티토,11.0,가을
48,49.0,고死 두 번째 이야기: 교생실습,2010-07-28,5802318000.0,0.006,857038.0,313.0,23307.0,한국,한국,(주)넥스트엔터테인먼트월드(NEW),15세 관람가,공포,84.0,유선동,7.0,여름
49,50.0,A-특공대,2010-06-10,5795794000.0,0.006,777985.0,323.0,26460.0,미국,미국,이십세기폭스코리아(주),15세 관람가,액션,119.0,조 카나한,6.0,여름
50,51.0,주유소 습격사건 2,2010-01-21,5379208500.0,0.005,729834.0,315.0,27844.0,한국,한국,(주)시네마서비스,15세 관람가,코미디,111.0,김상진,1.0,겨울
51,52.0,스텝 업 3D,2010-08-05,7345439000.0,0.0069999999999999,671845.0,250.0,14805.0,미국,미국,(주)화앤담이엔티,12세 관람가,드라마,107.0,존 추,8.0,여름
52,53.0,하늘에서 음식이 내린다면,2010-02-11,5413862500.0,0.005,654510.0,282.0,16556.0,미국,미국,한국소니픽쳐스릴리징브에나비스타영화㈜,전체 관람가,애니메이션,94.0,코디 캐머런,2.0,겨울
53,54.0,새미의 어드벤쳐,2010-12-15,6108607500.0,0.006,647860.0,309.0,14302.0,벨기에,벨기에,CJ ENM,전체 관람가,애니메이션,92.0,벤 스타센,12.0,겨울
54,55.0,명탐정 코난: 천공의 난파선,2010-07-21,4002088500.0,0.004,618420.0,235.0,11902.0,일본,일본,에이원엔터테인먼트,전체 관람가,애니메이션,103.0,야마모토 야스이치로,7.0,여름
55,56.0,이층의 악당,2010-11-24,4271750500.0,0.004,596851.0,379.0,26998.0,한국,한국,(주)싸이더스,15세 관람가,코미디,115.0,손재곤,11.0,가을
56,57.0,그린 존,2010-03-25,4460075000.0,0.004,596403.0,268.0,27563.0,미국,미국,(주)싸이더스,15세 관람가,액션,114.0,폴 그린그래스,3.0,봄
57,58.0,반가운 살인자,2010-04-08,4285830500.0,0.004,590531.0,264.0,29724.0,한국,한국,롯데쇼핑㈜롯데엔터테인먼트,15세 관람가,코미디,107.0,김동욱,4.0,봄
58,59.0,레터스 투 줄리엣,2010-10-06,4270689500.0,0.004,582958.0,283.0,28683.0,미국,미국,(주)넥스트엔터테인먼트월드(NEW),12세 관람가,멜로/로맨스,105.0,게리 위닉,10.0,가을
59,60.0,퀴즈왕,2010-09-16,4188846000.0,0.004,573001.0,321.0,23579.0,한국,한국,(주)시네마서비스,15세 관람가,코미디,121.0,장진,9.0,가을
60,61.0,마법사의 제자,2010-07-21,4057522000.0,0.004,570775.0,300.0,19017.0,미국,미국,한국소니픽쳐스릴리징브에나비스타영화㈜,전체 관람가,액션,107.0,프랭크 스토예,7.0,여름
61,62.0,라스트 갓파더,2010-12-29,3953691500.0,0.004,543544.0,493.0,8275.0,한국,"한국,미국",CJ ENM,12세 관람가,코미디,103.0,심형래,12.0,겨울
62,63.0,앨빈과 슈퍼밴드2,2009-12-30,3411479000.0,0.003,511322.0,244.0,14053.0,미국,미국,이십세기폭스코리아(주),전체 관람가,애니메이션,88.0,베티 토마스,12.0,겨울
63,64.0,소셜 네트워크,2010-11-18,3744100000.0,0.004,509177.0,310.0,18695.0,미국,미국,"워터홀컴퍼니(주),한국소니픽쳐스릴리징브에나비스타영화㈜",15세 관람가,드라마,120.0,데이빗 핀처,11.0,가을
64,65.0,피라냐,2010-08-26,5661671000.0,0.006,505836.0,310.0,22744.0,미국,미국,에스케이텔레콤(주),청소년 관람불가,공포,83.0,존 걸레거,8.0,여름
65,66.0,먹고 기도하고 사랑하라,2010-09-30,3674965000.0,0.004,500266.0,324.0,22299.0,미국,미국,한국소니픽쳐스릴리징브에나비스타영화㈜,15세 관람가,드라마,139.0,라이언 머피,9.0,가을
66,67.0,불량남녀,2010-11-04,3562190000.0,0.003,483387.0,338.0,24441.0,한국,한국,(주)쇼박스,15세 관람가,코미디,108.0,신근호,11.0,가을
67,68.0,레드,2010-11-03,3550436000.0,0.003,482053.0,317.0,22481.0,미국,"미국,캐나다",(주)화앤담이엔티,청소년 관람불가,드라마,75.0,장정관,11.0,가을
68,69.0,친정엄마,2010-04-22,3321091000.0,0.003,472009.0,275.0,24994.0,한국,한국,(주)싸이더스,전체 관람가,드라마,108.0,유성엽,4.0,봄
69,70.0,식객2 : 김치전쟁,2010-01-28,3243969500.0,0.003,462714.0,347.0,22753.0,한국,한국,롯데쇼핑㈜롯데엔터테인먼트,전체 관람가,드라마,119.0,백동훈,1.0,겨울
70,71.0,적인걸: 측천무후의 비밀,2010-10-06,3342474000.0,0.003,459876.0,292.0,23640.0,중국,"중국,홍콩",롯데쇼핑㈜롯데엔터테인먼트,12세 관람가,미스터리,123.0,서극,10.0,가을
71,72.0,언스토퍼블,2010-11-10,3273318500.0,0.003,452320.0,297.0,21495.0,미국,미국,이십세기폭스코리아(주),12세 관람가,액션,98.0,토니 스콧,11.0,가을
72,73.0,대한민국 1%,2010-05-05,2244690500.0,0.002,440372.0,286.0,20352.0,한국,한국,롯데쇼핑㈜롯데엔터테인먼트,12세 관람가,드라마,105.0,조명남,5.0,봄
73,74.0,파라노말 액티비티,2010-01-13,3207923500.0,0.003,438402.0,184.0,17015.0,미국,미국,(주)넥스트엔터테인먼트월드(NEW),12세 관람가,미국,91.0,윌리엄 유뱅크,1.0,겨울
74,75.0,워리어스 웨이,2010-12-01,3097461500.0,0.003,432072.0,433.0,23127.0,미국,미국,에스케이텔레콤(주),15세 관람가,액션,100.0,이승무,12.0,겨울
75,76.0,섹스 앤 더 시티 2,2010-06-10,3022970000.0,0.003,398347.0,233.0,14265.0,미국,미국,워너브러더스 코리아(주),청소년 관람불가,코미디,144.0,마이클 패트릭 킹,6.0,여름
76,77.0,나인,2009-12-31,3046461500.0,0.003,397889.0,336.0,16466.0,미국,"미국,이탈리아",(주)시너지하우스 (시너지),15세 관람가,뮤지컬,118.0,롭 마샬,12.0,겨울
77,78.0,아스트로 보이-아톰의 귀환,2010-01-13,2585585500.0,0.003,393433.0,278.0,15793.0,미국,미국,㈜케이디미디어,전체 관람가,애니메이션,93.0,데이빗 보워스,1.0,겨울
78,79.0,익스펜더블,2010-08-19,2973224000.0,0.003,390438.0,259.0,15798.0,미국,미국,(주)싸이더스,15세 관람가,액션,127.0,패트릭 휴즈,8.0,여름
79,80.0,공자 춘추전국시대,2010-02-11,2774370000.0,0.003,371607.0,236.0,15346.0,중국,중국,(주)시너지하우스 (시너지),12세 관람가,액션,125.0,후메이,2.0,겨울
80,81.0,프롬 파리 위드 러브,2010-03-11,2804967500.0,0.003,369394.0,294.0,22348.0,프랑스,프랑스,㈜케이디미디어,청소년 관람불가,액션,94.0,피에르 모렐,3.0,봄
81,82.0,맨발의 꿈,2010-06-24,2372787500.0,0.002,331945.0,332.0,17790.0,한국,"한국,인도네시아,일본",(주)쇼박스,전체 관람가,드라마,121.0,김태균,6.0,여름
82,83.0,킬러스,2010-09-02,2386700000.0,0.002,322888.0,282.0,17930.0,미국,미국,(주)넥스트엔터테인먼트월드(NEW),15세 관람가,액션,100.0,로버트 루케틱,9.0,가을
83,84.0,검우강호,2010-10-14,2242810500.0,0.002,312283.0,344.0,20571.0,홍콩,"홍콩,중국,미국",(주)에스비에스콘텐츠허브,15세 관람가,액션,114.0,수 차오핑,10.0,가을
84,85.0,가디언의 전설,2010-10-28,2613934200.0,0.003,302318.0,267.0,14421.0,미국,"미국,호주",워너브러더스 코리아(주),전체 관람가,애니메이션,96.0,잭 스나이더,10.0,가을
85,86.0,베스트 키드,2010-06-10,2031914500.0,0.002,287278.0,252.0,13464.0,미국,미국,한국소니픽쳐스릴리징브에나비스타영화㈜,12세 관람가,액션,140.0,해럴드 즈워트,6.0,여름
86,87.0,프레데터스,2010-08-26,1991492500.0,0.002,276536.0,231.0,14168.0,미국,미국,이십세기폭스코리아(주),15세 관람가,SF,106.0,님로드 앤탈,8.0,여름
87,88.0,울프맨,2010-02-11,2062933500.0,0.002,265409.0,263.0,13920.0,미국,미국,유니버설픽쳐스인터내셔널 코리아(유),청소년 관람불가,공포,102.0,조 존스톤,2.0,겨울
88,89.0,극장판 도라에몽: 진구의 인어대해전,2010-07-28,1741701000.0,0.002,260701.0,140.0,5639.0,일본,일본,CJ ENM,전체 관람가,애니메이션,98.0,쿠스바 코조,7.0,여름
89,90.0,월 스트리트: 머니 네버 슬립스,2010-10-21,1760899000.0,0.002,241438.0,288.0,14013.0,미국,미국,이십세기폭스코리아(주),12세 관람가,드라마,133.0,올리버 스톤,10.0,가을
90,91.0,극장판 포켓 몬스터 DP - 환영의 패왕 조로아크,2010-12-23,1631689000.0,0.002,234093.0,139.0,4502.0,일본,일본,씨제이 씨지브이(CJ CGV)(주),전체 관람가,애니메이션,98.0,유야마 쿠니히코,12.0,겨울
91,92.0,폐가,2010-08-19,1586581500.0,0.002,225955.0,160.0,8769.0,한국,한국,(주)시너지하우스 (시너지),15세 관람가,공포,84.0,이철하,8.0,여름
92,93.0,포스 카인드,2010-02-25,1672315500.0,0.002,224808.0,186.0,13044.0,미국,미국,(주)넥스트엔터테인먼트월드(NEW),15세 관람가,미스터리,98.0,올라턴드 오선샌미,2.0,겨울
93,94.0,일라이,2010-04-15,1634626500.0,0.002,219196.0,253.0,15862.0,미국,미국,(주)쇼박스,15세 관람가,액션,117.0,시아란 포이,4.0,봄
94,95.0,러블리 본즈,2010-02-25,1547760000.0,0.002,208660.0,213.0,10916.0,미국,미국,CJ ENM,15세 관람가,범죄,135.0,피터 잭슨,2.0,겨울
95,96.0,페스티발,2010-11-18,1517620500.0,0.001,196937.0,234.0,11897.0,한국,한국,(주)시너지하우스 (시너지),청소년 관람불가,코미디,109.0,이해영,11.0,가을
96,97.0,꼬마 니콜라,2010-01-28,1344405500.0,0.001,196670.0,160.0,9274.0,프랑스,프랑스,(주)프라임엔터테인먼트,전체 관람가,애니메이션,82.0,벤자민 마소브레,1.0,겨울
97,98.0,엣지 오브 다크니스,2010-06-02,1416485500.0,0.001,193380.0,230.0,13619.0,영국,"영국,미국",(주)넥스트엔터테인먼트월드(NEW),15세 관람가,스릴러,104.0,마틴 캠벨,6.0,여름
98,99.0,디어 존,2010-03-04,1416393000.0,0.001,189117.0,255.0,15112.0,미국,미국,(주)화앤담이엔티,12세 관람가,드라마,107.0,라세 할스트롬,3.0,봄
99,100.0,아빠가 여자를 좋아해,2010-01-14,1243136000.0,0.001,174333.0,277.0,13408.0,한국,한국,(주)쇼박스,12세 관람가,멜로/로맨스,113.0,이광재,1.0,겨울
100,101.0,더 로드,2010-01-07,1276388500.0,0.001,172392.0,171.0,8323.0,미국,미국,에스케이텔레콤(주),15세 관람가,모험,111.0,존 힐코트,1.0,겨울
101,102.0,발렌타인 데이,2010-02-11,1314085500.0,0.001,169529.0,200.0,8750.0,미국,미국,워너브러더스 코리아(주),15세 관람가,멜로/로맨스,125.0,게리 마샬,2.0,겨울
102,103.0,그랑프리,2010-09-16,1219746000.0,0.001,167024.0,232.0,13100.0,한국,한국,(주)싸이더스,12세 관람가,드라마,109.0,양윤호,9.0,가을
103,104.0,비밀애,2010-03-25,1206962000.0,0.001,164252.0,268.0,15211.0,한국,한국,(주)시너지하우스 (시너지),청소년 관람불가,멜로/로맨스,111.0,류훈,3.0,봄
104,105.0,스플라이스,2010-07-01,1263923500.0,0.001,162760.0,127.0,7375.0,캐나다,캐나다,(주)화천공사,청소년 관람불가,SF,103.0,빈센조 나탈리,7.0,여름
105,106.0,무법자,2010-03-18,1221713500.0,0.001,160734.0,190.0,12965.0,한국,한국,(주)넥스트엔터테인먼트월드(NEW),청소년 관람불가,범죄,93.0,김철한,3.0,봄
106,107.0,킥 애스: 영웅의 탄생,2010-04-22,1148869500.0,0.001,151159.0,221.0,10742.0,영국,"영국,미국",롯데쇼핑㈜롯데엔터테인먼트,청소년 관람불가,액션,117.0,매튜 본,4.0,봄
107,108.0,아바타 리마스터링,2010-09-04,1870164500.0,0.002,148098.0,146.0,4188.0,미국,미국,이십세기폭스코리아(주),12세 관람가,SF,166.0,제임스 카메론,9.0,가을
108,109.0,포켓몬스터 dp 아르세우스초극의시공으로,2009-12-24,961349000.0,0.001,143990.0,63.0,3452.0,일본,일본,실버스푼,전체 관람가,애니메이션,95.0,유야마 쿠니히코,12.0,겨울
109,110.0,크레이지,2010-04-08,1104433000.0,0.001,143784.0,194.0,12578.0,미국,"미국,아랍에미리트연합국정부",(주)넥스트엔터테인먼트월드(NEW),청소년 관람불가,드라마,106.0,릭 바이버,4.0,봄
110,111.0,원피스 극장판: 스트롱 월드,2010-02-11,972367000.0,0.001,143431.0,76.0,4303.0,일본,일본,투니버스(주)온미디어,전체 관람가,애니메이션,113.0,사카이 무네히사,2.0,겨울
111,112.0,웨딩드레스,2010-01-14,985816500.0,0.001,141806.0,185.0,9417.0,한국,한국,(주)싸이더스,전체 관람가,드라마,109.0,권형진,1.0,겨울
112,113.0,나이트메어,2010-05-20,1056379500.0,0.001,136925.0,152.0,8649.0,미국,미국,워너브러더스 코리아(주),청소년 관람불가,공포,94.0,사무엘 베이어,5.0,봄
113,114.0,데이브레이커스,2010-03-18,1029911000.0,0.001,135621.0,189.0,11421.0,미국,미국,(주)성원아이컴,청소년 관람불가,액션,98.0,마이클 스피어리그,3.0,봄
114,115.0,트론: 새로운 시작,2010-12-29,1469097300.0,0.001,131307.0,379.0,5909.0,미국,미국,한국소니픽쳐스릴리징브에나비스타영화㈜,12세 관람가,미국,125.0,조셉 코신스키,12.0,겨울
115,116.0,오션월드 3D,2010-08-11,1372766600.0,0.001,130491.0,104.0,3269.0,영국,영국,㈜케이디미디어,전체 관람가,다큐멘터리,82.0,쟝-자크 망텔로,8.0,여름
116,117.0,두 여자,2010-11-18,967113000.0,0.001,129495.0,216.0,10104.0,한국,한국,CJ ENM,청소년 관람불가,멜로/로맨스,105.0,정윤수,11.0,가을
117,118.0,22 블렛,2010-10-14,975507500.0,0.001,128534.0,237.0,12241.0,프랑스,프랑스,㈜케이디미디어,청소년 관람불가,액션,117.0,리샤드 베리,10.0,가을
118,119.0,스트리트댄스,2010-06-16,1424994000.0,0.001,127629.0,214.0,10192.0,영국,영국,(주)시너지하우스 (시너지),12세 관람가,드라마,98.0,맥스 기와,6.0,여름
119,120.0,클로이,2010-02-25,972575000.0,0.001,127082.0,183.0,10035.0,프랑스,프랑스,(주)시너지하우스 (시너지),청소년 관람불가,드라마,95.0,아톰 에고이안,2.0,겨울
120,121.0,뮬란: 전사의 귀환,2010-09-02,889356500.0,0.001,125425.0,242.0,10758.0,중국,중국,"(유)영화사 화수분,(주)에스비에스콘텐츠허브",12세 관람가,액션,110.0,마초성,9.0,가을
121,122.0,솔로몬 케인,2010-03-25,940027000.0,0.001,124836.0,194.0,10868.0,프랑스,"프랑스,체코,영국",(주)화앤담이엔티,청소년 관람불가,액션,104.0,마이클 J. 버세트,3.0,봄
122,123.0,마법천자문: 대마왕의 부활을 막아라,2010-08-19,788079000.0,0.001,121572.0,180.0,5576.0,한국,한국,CJ ENM,전체 관람가,애니메이션,85.0,윤영기,8.0,여름
123,124.0,애프터 라이프,2010-09-02,884161500.0,0.001,120463.0,186.0,9147.0,미국,미국,(주)시너지하우스 (시너지),15세 관람가,미스터리,103.0,아그네츠카 보토위츠 ...,9.0,가을
124,125.0,극장판파워레인저 엔진포스VS 와일드스피릿,2010-01-07,848268200.0,0.001,120077.0,120.0,4088.0,일본,일본,CJ ENM,전체 관람가,액션,50.0,모로타 사토시,1.0,겨울
125,126.0,데블,2010-11-04,855105000.0,0.001,116403.0,187.0,10742.0,미국,미국,유니버설픽쳐스인터내셔널 코리아(유),15세 관람가,공포,80.0,존 에릭 도들,11.0,가을
126,127.0,케로로 더 무비 5: 기적의 사차원섬,2010-04-29,789256000.0,0.001,115130.0,106.0,4382.0,일본,일본,투니버스(주)온미디어,전체 관람가,애니메이션,74.0,야마구치 스스무,4.0,봄
127,128.0,8인: 최후의 결사단,2010-01-21,864912500.0,0.001,114929.0,158.0,6989.0,중국,중국,"(주)팝엔터테인먼트,CJ ENM",15세 관람가,액션,138.0,진덕삼,1.0,겨울
128,129.0,쏘우 3D,2010-11-18,1447063000.0,0.001,114034.0,160.0,7410.0,미국,"미국,캐나다",㈜케이디미디어,청소년 관람불가,공포,90.0,케빈 그루터트,11.0,가을
129,130.0,들어는 봤니? 모건 부부,2010-01-28,866323000.0,0.001,113137.0,162.0,7613.0,미국,미국,한국소니픽쳐스릴리징브에나비스타영화㈜,15세 관람가,코미디,103.0,마크 로렌스,1.0,겨울
130,131.0,캣츠 앤 독스 2,2010-09-16,797837500.0,0.001,107921.0,161.0,5158.0,미국,"미국,오스트리아",워너브러더스 코리아(주),전체 관람가,액션,82.0,브래드 페이튼,9.0,가을
131,132.0,프로포즈 데이,2010-04-08,812954000.0,0.001,107337.0,148.0,8697.0,미국,미국,유니버설픽쳐스인터내셔널 코리아(유),12세 관람가,멜로/로맨스,100.0,아넌드 터커,4.0,봄
132,133.0,우리가 꿈꾸는 기적: 인빅터스,2010-03-04,771823000.0,0.001,104749.0,117.0,6439.0,미국,미국,워너브러더스 코리아(주),전체 관람가,드라마,133.0,클린트 이스트우드,3.0,봄
133,134.0,공주와 개구리,2010-01-21,705236000.0,0.001,103972.0,80.0,3147.0,미국,미국,한국소니픽쳐스릴리징브에나비스타영화㈜,전체 관람가,가족,98.0,론 클레멘츠,1.0,겨울
134,135.0,라스트 엑소시즘,2010-12-01,724257000.0,0.001,103410.0,171.0,8016.0,미국,미국,(주)시너지하우스 (시너지),15세 관람가,공포,88.0,에드 게스-도넬리,12.0,겨울
135,136.0,꿈은 이루어진다,2010-05-27,718090000.0,0.001,101698.0,220.0,8984.0,한국,한국,CJ ENM,15세 관람가,코미디,113.0,계윤식,5.0,봄
136,137.0,대병소장,2010-03-11,706907500.0,0.001,96868.0,157.0,8745.0,홍콩,홍콩,(주)싸이더스,12세 관람가,액션,95.0,정성,3.0,봄
137,138.0,하치 이야기,2010-02-18,692267500.0,0.001,95144.0,160.0,7735.0,미국,"미국,영국",(주)프라임엔터테인먼트,전체 관람가,가족,93.0,라세 할스트롬,2.0,겨울
138,139.0,나탈리,2010-10-28,1114062000.0,0.001,94875.0,196.0,10025.0,한국,한국,롯데쇼핑㈜롯데엔터테인먼트,청소년 관람불가,멜로/로맨스,88.0,주경중,10.0,가을
139,140.0,필립모리스,2010-07-01,639369700.0,0.001,83508.0,114.0,4923.0,프랑스,프랑스,㈜케이디미디어,청소년 관람불가,코미디,97.0,글렌 피카라,7.0,여름
140,141.0,스위치,2010-12-01,558483500.0,0.001,82503.0,162.0,6854.0,미국,미국,씨너스엔터테인먼트(주),12세 관람가,대한민국,113.0,마대윤,12.0,겨울
141,142.0,노다메 칸타빌레 Vol.1,2010-09-09,552960000.0,0.001,75847.0,30.0,2613.0,일본,일본,"(주)미로비젼,아뮤즈코리아(주)",전체 관람가,코미디,121.0,타케우치 히데키,9.0,가을
142,143.0,주문진,2010-01-21,372281300.0,0.0,66098.0,95.0,2820.0,한국,한국,롯데쇼핑㈜롯데엔터테인먼트,12세 관람가,멜로/로맨스,96.0,하명중,1.0,겨울
143,144.0,골든 슬럼버,2010-08-26,476378500.0,0.0,65167.0,138.0,4638.0,일본,일본,CJ ENM,15세 관람가,드라마,108.0,노동석,8.0,여름
144,145.0,돌이킬 수 없는,2010-11-04,465532500.0,0.0,64371.0,204.0,8780.0,한국,한국,㈜케이디미디어,청소년 관람불가,드라마,100.0,클레어 드니,11.0,가을
145,146.0,여대생 기숙사,2010-06-23,490581000.0,0.0,64345.0,143.0,6054.0,미국,미국,CJ ENM,청소년 관람불가,공포,101.0,스튜어트 헨들러,6.0,여름
146,147.0,파르나서스 박사의 상상극장,2009-12-23,475332500.0,0.0,64169.0,245.0,3947.0,미국,미국,(주)성원아이컴,12세 관람가,판타지,122.0,테리 길리엄,12.0,겨울
147,148.0,엘라의 모험 2: 백설공주 길들이기,2010-02-25,432336000.0,0.0,62841.0,86.0,3349.0,미국,미국,㈜케이디미디어,전체 관람가,애니메이션,71.0,스티븐 E. 고든,2.0,겨울
148,149.0,에브리바디 올라잇,2010-09-02,458376000.0,0.0,60857.0,127.0,5420.0,미국,미국,(주)화천공사,청소년 관람불가,코미디,106.0,리사 촐로덴코,9.0,가을
149,150.0,디센트: Part 2,2010-08-11,461416000.0,0.0,60801.0,136.0,5657.0,영국,영국,롯데쇼핑㈜롯데엔터테인먼트,청소년 관람불가,모험,94.0,존 해리스,8.0,여름
0,1.0,트랜스포머 3,2011-06-29,74840681500.0,0.062,7784743.0,1409.0,124450.0,미국,미국,(주)씨제이이엔엠,12세 관람가,액션,152.0,마이클 베이,6.0,여름
1,2.0,최종병기 활,2011-08-10,55827861500.0,0.047,7470633.0,615.0,130054.0,한국,한국,롯데쇼핑㈜롯데엔터테인먼트,15세 관람가,액션,122.0,김한민,8.0,여름
2,3.0,써니,2011-05-04,54035565100.0,0.045,7362657.0,546.0,149135.0,한국,한국,(주)씨제이이엔엠,15세 관람가,코미디,124.0,강형철,5.0,봄
3,4.0,완득이,2011-10-20,38526161500.0,0.032,5309928.0,629.0,117763.0,한국,한국,(주)씨제이이엔엠,12세 관람가,드라마,107.0,이한,10.0,가을
4,5.0,쿵푸팬더 2,2011-05-26,44298708500.0,0.037,5062720.0,948.0,101338.0,미국,미국,(주)씨제이이엔엠,전체 관람가,애니메이션,91.0,여인영,5.0,봄
5,6.0,미션임파서블:고스트프로토콜,2011-12-15,37765048000.0,0.031,4975161.0,1024.0,61251.0,미국,미국,(주)씨제이이엔엠,15세 관람가,액션,132.0,브래드 버드,12.0,겨울
6,7.0,조선명탐정 : 각시투구꽃의 비밀,2011-01-27,35841769500.0,0.03,4786259.0,634.0,84189.0,한국,한국,(주)쇼박스,12세 관람가,코미디,115.0,김석윤,1.0,겨울
7,8.0,도가니,2011-09-22,35566854800.0,0.03,4662822.0,756.0,88337.0,한국,한국,(주)씨제이이엔엠,청소년 관람불가,드라마,125.0,황동혁,9.0,가을
8,9.0,해리포터와 죽음의 성물2,2011-07-13,34507600000.0,0.0289999999999999,4400270.0,757.0,70380.0,미국,미국,워너브러더스 코리아(주),전체 관람가,모험,131.0,데이빗 예이츠,7.0,여름
9,10.0,리얼 스틸,2011-10-12,26566677000.0,0.022,3579666.0,603.0,87650.0,미국,미국,한국소니픽쳐스릴리징브에나비스타영화㈜,12세 관람가,액션,127.0,숀 레비,10.0,가을
10,11.0,캐리비안의 해적 - 낯선 조류,2011-05-19,27279967500.0,0.023,3130046.0,960.0,67036.0,미국,미국,한국소니픽쳐스릴리징브에나비스타영화㈜,12세 관람가,액션,137.0,롭 마샬,5.0,봄
11,12.0,퀵,2011-07-20,22960890000.0,0.019,3125069.0,514.0,60714.0,한국,한국,(주)씨제이이엔엠,15세 관람가,범죄,131.0,미카엘 하프스트롬,7.0,여름
12,13.0,고지전,2011-07-20,21968557600.0,0.018,2945137.0,585.0,53738.0,한국,한국,(주)쇼박스,15세 관람가,전쟁,133.0,장훈,7.0,여름
13,14.0,오싹한 연애,2011-12-01,20289813500.0,0.017,2777998.0,544.0,54630.0,한국,한국,(주)씨제이이엔엠,12세 관람가,멜로/로맨스,114.0,황인호,12.0,겨울
14,15.0,혹성탈출: 진화의 시작,2011-08-17,20629757000.0,0.017,2773794.0,514.0,61229.0,미국,미국,이십세기폭스코리아(주),12세 관람가,액션,106.0,루퍼트 와이어트,8.0,여름
15,16.0,위험한 상견례,2011-03-31,19174920500.0,0.016,2595625.0,524.0,75068.0,한국,한국,롯데쇼핑㈜롯데엔터테인먼트,15세 관람가,멜로/로맨스,119.0,김진영,3.0,봄
16,17.0,엑스맨: 퍼스트 클래스,2011-06-02,19075363000.0,0.016,2533852.0,587.0,56827.0,미국,미국,이십세기폭스코리아(주),12세 관람가,액션,132.0,매튜 본,6.0,여름
17,18.0,의뢰인,2011-09-29,17797042500.0,0.015,2393086.0,522.0,58414.0,한국,한국,(주)쇼박스,15세 관람가,드라마,123.0,손영성,9.0,가을
18,19.0,가문의 영광4 - 가문의 수난,2011-09-07,17792219500.0,0.015,2368267.0,537.0,48432.0,한국,한국,(주)넥스트엔터테인먼트월드(NEW),15세 관람가,코미디,103.0,정태원,9.0,가을
19,20.0,블라인드,2011-08-10,18390012500.0,0.015,2367942.0,404.0,49358.0,한국,한국,(주)넥스트엔터테인먼트월드(NEW),청소년 관람불가,드라마,95.0,에스킬 보그트,8.0,여름
20,21.0,7광구,2011-08-04,19391653500.0,0.016,2242510.0,812.0,47346.0,한국,한국,(주)씨제이이엔엠,15세 관람가,SF,112.0,김지훈,8.0,여름
21,22.0,마당을 나온 암탉,2011-07-28,14668226000.0,0.012,2201273.0,363.0,39224.0,한국,한국,롯데쇼핑㈜롯데엔터테인먼트,전체 관람가,애니메이션,93.0,오성윤,7.0,여름
22,23.0,라스트 갓파더,2010-12-29,14558299500.0,0.012,1998059.0,547.0,38175.0,한국,"한국,미국",CJ ENM,12세 관람가,코미디,103.0,심형래,12.0,겨울
23,24.0,글러브,2011-01-20,13756104000.0,0.011,1887731.0,605.0,44725.0,한국,한국,CJ ENM,전체 관람가,드라마,144.0,강우석,1.0,겨울
24,25.0,아이들...,2011-02-17,13579712500.0,0.011,1867849.0,504.0,41515.0,한국,한국,롯데쇼핑㈜롯데엔터테인먼트,15세 관람가,범죄,132.0,이규만,2.0,겨울
25,26.0,걸리버 여행기,2011-01-27,16441365500.0,0.0139999999999999,1762071.0,527.0,41181.0,미국,미국,이십세기폭스코리아(주),전체 관람가,모험,87.0,롭 레터맨,1.0,겨울
26,27.0,평양성,2011-01-27,12684530500.0,0.011,1717566.0,483.0,41860.0,한국,한국,롯데쇼핑㈜롯데엔터테인먼트,12세 관람가,코미디,117.0,이준익,1.0,겨울
27,28.0,토르: 천둥의 신,2011-04-28,15985737000.0,0.013,1694562.0,496.0,45188.0,미국,미국,(주)씨제이이엔엠,12세 관람가,판타지,112.0,케네스 브래너,4.0,봄
28,29.0,헬로우 고스트,2010-12-22,12260693000.0,0.01,1663550.0,418.0,34713.0,한국,한국,(주)넥스트엔터테인먼트월드(NEW),12세 관람가,코미디,111.0,김영탁,12.0,겨울
29,30.0,블랙 스완,2011-02-24,12484661500.0,0.01,1623310.0,344.0,46840.0,미국,미국,"(주)영화사 그램,이십세기폭스코리아(주)",청소년 관람불가,공포,84.0,브렛 뮬렌,2.0,겨울
30,31.0,분노의 질주: 언리미티드,2011-04-20,12292868000.0,0.01,1621973.0,457.0,43329.0,미국,미국,유니버설픽쳐스인터내셔널 코리아(유),15세 관람가,액션,130.0,저스틴 린,4.0,봄
31,32.0,마이 웨이,2011-12-21,11813839000.0,0.01,1586042.0,645.0,29481.0,한국,"한국,일본,중국","에스케이플래닛(주),(주)씨제이이엔엠",15세 관람가,드라마,137.0,강제규,12.0,겨울
32,33.0,브레이킹 던 part1,2011-11-30,10692564000.0,0.009,1459449.0,636.0,43060.0,미국,미국,(주)넥스트엔터테인먼트월드(NEW),15세 관람가,드라마,117.0,빌 콘돈,11.0,가을
33,34.0,신들의 전쟁,2011-11-10,11726682000.0,0.01,1338411.0,525.0,46169.0,미국,미국,(주)넥스트엔터테인먼트월드(NEW),청소년 관람불가,액션,110.0,타셈 싱,11.0,가을
34,35.0,월드 인베이젼,2011-03-10,9799358000.0,0.008,1307873.0,441.0,44241.0,미국,미국,한국소니픽쳐스릴리징브에나비스타영화㈜,12세 관람가,액션,116.0,조나단 리브스만,3.0,봄
35,36.0,셜록홈즈 : 그림자 게임,2011-12-21,9502305000.0,0.008,1289857.0,370.0,20512.0,미국,미국,워너브러더스 코리아(주),15세 관람가,액션,128.0,가이 리치,12.0,겨울
36,37.0,소스 코드,2011-05-04,9640238500.0,0.008,1277690.0,403.0,38744.0,미국,미국,"(주)디스테이션,(주)시너지하우스 (시너지),롯데쇼핑㈜롯데엔터테인먼트",12세 관람가,액션,93.0,던칸 존스,5.0,봄
37,38.0,특수본,2011-11-24,8096052500.0,0.0069999999999999,1118258.0,471.0,40881.0,한국,한국,"(주)시너지하우스 (시너지),롯데쇼핑㈜롯데엔터테인먼트",15세 관람가,액션,111.0,황병국,11.0,가을
38,39.0,수상한 고객들,2011-04-14,7953428000.0,0.0069999999999999,1059350.0,411.0,33930.0,한국,한국,(주)씨제이이엔엠,15세 관람가,코미디,124.0,조진모,4.0,봄
39,40.0,오직 그대만,2011-10-20,7591008500.0,0.006,1027622.0,435.0,35365.0,한국,한국,(주)쇼박스,15세 관람가,멜로/로맨스,105.0,송일곤,10.0,가을
40,41.0,개구쟁이 스머프,2011-08-11,7722519000.0,0.006,1027436.0,399.0,18225.0,미국,미국,한국소니픽쳐스릴리징브에나비스타영화㈜,전체 관람가,애니메이션,89.0,켈리 애스버리,8.0,여름
41,42.0,라푼젤,2011-02-10,10161464800.0,0.008,1011163.0,328.0,22107.0,미국,미국,한국소니픽쳐스릴리징브에나비스타영화㈜,전체 관람가,애니메이션,100.0,쥐앙 파블로 마차도,2.0,겨울
42,43.0,심장이 뛴다,2011-01-05,7538083500.0,0.006,1006947.0,445.0,26778.0,한국,한국,롯데쇼핑㈜롯데엔터테인먼트,15세 관람가,드라마,114.0,윤재근,1.0,겨울
43,44.0,파퍼씨네 펭귄들,2011-09-07,7049177000.0,0.006,980387.0,333.0,26307.0,미국,미국,이십세기폭스코리아(주),전체 관람가,코미디,95.0,마크 워터스,9.0,가을
44,45.0,메가마인드,2011-01-13,8688842000.0,0.0069999999999999,875631.0,414.0,22905.0,미국,미국,CJ ENM,전체 관람가,애니메이션,95.0,톰 맥그라스,1.0,겨울
45,46.0,체포왕,2011-05-04,6413325500.0,0.005,870887.0,407.0,32545.0,한국,한국,롯데쇼핑㈜롯데엔터테인먼트,15세 관람가,코미디,117.0,임찬익,5.0,봄
46,47.0,만추,2011-02-17,6313817000.0,0.005,845845.0,444.0,25590.0,한국,"한국,미국,홍콩",CJ ENM,15세 관람가,드라마,115.0,김태용,2.0,겨울
47,48.0,퍼펙트 게임,2011-12-21,5996408000.0,0.005,811772.0,413.0,19726.0,한국,한국,롯데쇼핑㈜롯데엔터테인먼트,12세 관람가,드라마,127.0,박희곤,12.0,겨울
48,49.0,킹스 스피치,2011-03-17,5963126500.0,0.005,806248.0,327.0,33979.0,영국,"영국,호주",(주)화앤담이엔티,12세 관람가,드라마,118.0,톰 후퍼,3.0,봄
49,50.0,틴틴 : 유니콘호의 비밀,2011-12-07,6646528500.0,0.006,803256.0,644.0,31075.0,미국,"미국,뉴질랜드,벨기에",롯데쇼핑㈜롯데엔터테인먼트,전체 관람가,모험,107.0,스티븐 스필버그,12.0,겨울
50,51.0,화이트: 저주의 멜로디,2011-06-09,5587166000.0,0.005,790954.0,311.0,28059.0,한국,한국,(주)씨제이이엔엠,15세 관람가,공포,106.0,김곡,6.0,여름
51,52.0,푸른소금,2011-08-31,5739824500.0,0.005,771699.0,476.0,28346.0,한국,"한국,필리핀",(주)씨제이이엔엠,15세 관람가,드라마,120.0,이현승,8.0,여름
52,53.0,황해,2010-12-22,5973050500.0,0.005,763270.0,488.0,18807.0,한국,"한국,미국,중국","(주)쇼박스,이십세기폭스코리아(주)",청소년 관람불가,범죄,156.0,나홍진,12.0,겨울
53,54.0,풍산개,2011-06-23,5395201500.0,0.004,714136.0,286.0,19194.0,한국,한국,(주)넥스트엔터테인먼트월드(NEW),청소년 관람불가,드라마,121.0,전재홍,6.0,여름
54,55.0,통증,2011-09-07,5246996000.0,0.004,700272.0,317.0,29211.0,한국,한국,롯데쇼핑㈜롯데엔터테인먼트,15세 관람가,드라마,104.0,곽경택,9.0,가을
55,56.0,고양이: 죽음을 보는 두 개의 눈,2011-07-07,4780502000.0,0.004,672314.0,304.0,18972.0,한국,한국,(주)넥스트엔터테인먼트월드(NEW),15세 관람가,공포,106.0,변승욱,7.0,여름
56,57.0,삼총사 3D,2011-10-12,5731619500.0,0.005,660172.0,510.0,29377.0,독일,"독일,영국,프랑스",롯데쇼핑㈜롯데엔터테인먼트,12세 관람가,판타지,111.0,폴 앤더슨,10.0,가을
57,58.0,아이 엠 넘버 포,2011-02-24,4955215500.0,0.004,654386.0,284.0,22145.0,미국,미국,한국소니픽쳐스릴리징브에나비스타영화㈜,12세 관람가,액션,103.0,D.J. 카루소,2.0,겨울
58,59.0,리오,2011-07-27,5021719500.0,0.004,645151.0,333.0,13781.0,미국,미국,이십세기폭스코리아(주),전체 관람가,애니메이션,101.0,카를로스 살다나,7.0,여름
59,60.0,명탐정 코난 : 침묵의 15분,2011-08-03,4212992000.0,0.004,644652.0,275.0,12017.0,일본,일본,(주)미디어데이,전체 관람가,애니메이션,109.0,시즈노 코분,8.0,여름
60,61.0,머니볼,2011-11-17,4677562000.0,0.004,641099.0,385.0,21961.0,미국,미국,한국소니픽쳐스릴리징브에나비스타영화㈜,12세 관람가,드라마,133.0,베넷 밀러,11.0,가을
61,62.0,아더 크리스마스,2011-11-25,4771040500.0,0.004,620995.0,356.0,14606.0,미국,미국,한국소니픽쳐스릴리징브에나비스타영화㈜,전체 관람가,애니메이션,97.0,사라 스미스,11.0,가을
62,63.0,인 타임,2011-10-27,4579554500.0,0.004,616943.0,304.0,21836.0,미국,미국,이십세기폭스코리아(주),12세 관람가,SF,109.0,앤드류 니콜,10.0,가을
63,64.0,콜롬비아나,2011-08-31,4514882000.0,0.004,598365.0,397.0,25622.0,미국,"미국,프랑스","(주)시너지하우스 (시너지),롯데쇼핑㈜롯데엔터테인먼트",15세 관람가,액션,105.0,올리비에 메가턴,8.0,여름
64,65.0,너는 펫,2011-11-10,3810103000.0,0.003,543313.0,341.0,24395.0,한국,한국,롯데쇼핑㈜롯데엔터테인먼트,12세 관람가,멜로/로맨스,110.0,김병곤,11.0,가을
65,66.0,챔프,2011-09-07,3850214500.0,0.003,534752.0,301.0,19668.0,한국,한국,(주)쇼박스,12세 관람가,드라마,133.0,이환경,9.0,가을
66,67.0,러브 & 드럭스,2011-01-13,4125733000.0,0.003,527077.0,284.0,14250.0,미국,미국,이십세기폭스코리아(주),청소년 관람불가,코미디,112.0,에드워드 즈윅,1.0,겨울
67,68.0,언노운,2011-02-17,3953681000.0,0.003,522794.0,186.0,14849.0,미국,미국,워너브러더스 코리아(주),15세 관람가,드라마,113.0,자움 콜렛 세라,2.0,겨울
68,69.0,퍼스트 어벤져,2011-07-28,4161976500.0,0.003,514309.0,362.0,13941.0,미국,미국,(주)씨제이이엔엠,12세 관람가,액션,123.0,조 존스톤,7.0,여름
69,70.0,앨빈과 슈퍼밴드3,2011-12-15,3279645000.0,0.003,496560.0,327.0,9584.0,미국,미국,이십세기폭스코리아(주),전체 관람가,애니메이션,87.0,마이크 미첼,12.0,겨울
70,71.0,슈퍼 에이트,2011-06-16,3622888500.0,0.003,472125.0,411.0,21883.0,미국,미국,(주)씨제이이엔엠,12세 관람가,미스터리,112.0,J.J. 에이브럼스,6.0,여름
71,72.0,카운트다운,2011-09-29,3630557000.0,0.003,471547.0,341.0,20958.0,한국,한국,"(주)싸이더스,(주)넥스트엔터테인먼트월드(NEW)",청소년 관람불가,액션,90.0,존 스톡웰,9.0,가을
72,73.0,카 2,2011-07-20,3681072000.0,0.003,465599.0,379.0,11690.0,미국,미국,한국소니픽쳐스릴리징브에나비스타영화㈜,전체 관람가,애니메이션,113.0,존 라세터,7.0,여름
73,74.0,생텀,2011-02-10,4828519000.0,0.004,465039.0,323.0,16998.0,미국,"미국,호주",(주)시너지하우스 (시너지),15세 관람가,액션,108.0,앨리스터 그리어슨,2.0,겨울
74,75.0,해리 포터와 죽음의 성물1,2010-12-15,3154162500.0,0.003,444245.0,306.0,11836.0,미국,미국,워너브러더스 코리아(주),전체 관람가,액션,146.0,데이빗 예이츠,12.0,겨울
75,76.0,시즌 오브 더 위치: 마녀 호송단,2011-01-13,3277434500.0,0.003,435201.0,220.0,14539.0,미국,미국,(주)넥스트엔터테인먼트월드(NEW),15세 관람가,모험,94.0,도미닉 세나,1.0,겨울
76,77.0,모비딕,2011-06-09,3264596000.0,0.003,430936.0,377.0,19894.0,한국,한국,(주)쇼박스,15세 관람가,드라마,112.0,박인제,6.0,여름
77,78.0,랭고,2011-03-03,3043816000.0,0.003,430001.0,314.0,15179.0,미국,미국,(주)씨제이이엔엠,전체 관람가,애니메이션,107.0,고어 버빈스키,3.0,봄
78,79.0,티끌모아 로맨스,2011-11-10,2941601500.0,0.002,423915.0,323.0,19288.0,한국,한국,필라멘트픽쳐스,15세 관람가,멜로/로맨스,114.0,김정환,11.0,가을
79,80.0,사랑이 무서워,2011-03-10,3020062500.0,0.003,402876.0,290.0,21341.0,한국,한국,롯데쇼핑㈜롯데엔터테인먼트,15세 관람가,멜로/로맨스,112.0,정우철,3.0,봄
80,81.0,컨트롤러,2011-03-03,2862234500.0,0.002,373344.0,371.0,18872.0,미국,미국,유니버설픽쳐스인터내셔널 코리아(유),12세 관람가,멜로/로맨스,105.0,조지 놀피,3.0,봄
81,82.0,레드 라이딩 후드,2011-03-17,2728562500.0,0.002,362572.0,249.0,20020.0,미국,"미국,캐나다",워너브러더스 코리아(주),15세 관람가,드라마,100.0,캐서린 하드윅,3.0,봄
82,83.0,커플즈,2011-11-02,2705566500.0,0.002,360045.0,387.0,19564.0,한국,한국,(주)싸이더스,15세 관람가,코미디,110.0,정용기,11.0,가을
83,84.0,짱구는 못말려 극장판 : 초시공! 태풍을 부르는 나의 신부,2011-05-05,2357563000.0,0.002,351742.0,306.0,7013.0,일본,일본,(주)씨제이이엔엠,전체 관람가,애니메이션,100.0,시기노 아키라,5.0,봄
84,85.0,새미의 어드벤쳐,2010-12-15,3127677000.0,0.003,333420.0,237.0,7755.0,벨기에,벨기에,CJ ENM,전체 관람가,애니메이션,92.0,벤 스타센,12.0,겨울
85,86.0,링컨 차를 타는 변호사,2011-06-16,2443603500.0,0.002,327612.0,241.0,12383.0,미국,미국,씨너스엔터테인먼트(주),15세 관람가,범죄,118.0,브래드 퍼맨,6.0,여름
86,87.0,세상에서 가장 아름다운 이별,2011-04-20,2296840000.0,0.002,316990.0,340.0,17456.0,한국,한국,(주)넥스트엔터테인먼트월드(NEW),15세 관람가,드라마,125.0,민규동,4.0,봄
87,88.0,마이 블랙 미니드레스,2011-03-24,2318884500.0,0.002,313953.0,325.0,20166.0,한국,한국,(주)씨제이이엔엠,15세 관람가,드라마,108.0,허인무,3.0,봄
88,89.0,트론: 새로운 시작,2010-12-29,3382216700.0,0.003,306012.0,371.0,10005.0,미국,미국,한국소니픽쳐스릴리징브에나비스타영화㈜,12세 관람가,액션,125.0,조셉 코신스키,12.0,겨울
89,90.0,상하이,2011-01-27,2039939000.0,0.002,269157.0,223.0,13005.0,미국,미국,(주)넥스트엔터테인먼트월드(NEW),15세 관람가,드라마,103.0,미카엘 하프스트롬,1.0,겨울
90,91.0,친구와 연인사이,2011-02-10,2099697500.0,0.002,267843.0,183.0,9010.0,미국,미국,CJ ENM,청소년 관람불가,코미디,110.0,이반 라이트만,2.0,겨울
91,92.0,극장판 포켓몬스터 베스트 위시 비크티니와 백의 영웅 레시라무,2011-12-22,1729310500.0,0.001,261757.0,237.0,3524.0,일본,일본,(주)씨제이이엔엠,전체 관람가,애니메이션,98.0,유야마 쿠니히코,12.0,겨울
92,93.0,파이널 데스티네이션5,2011-09-08,2370348500.0,0.002,257193.0,168.0,9325.0,미국,미국,워너브러더스 코리아(주),청소년 관람불가,공포,95.0,스티븐 쿼일,9.0,가을
93,94.0,카우보이 & 에이리언,2011-08-11,1930249000.0,0.002,256346.0,269.0,8244.0,미국,미국,(주)씨제이이엔엠,15세 관람가,액션,118.0,존 파브로,8.0,여름
94,95.0,마마,2011-06-01,1642407500.0,0.001,243209.0,269.0,12667.0,한국,한국,롯데쇼핑㈜롯데엔터테인먼트,15세 관람가,드라마,111.0,훌리오 메뎀,6.0,여름
95,96.0,적과의 동침,2011-04-27,1740340000.0,0.001,243094.0,391.0,14069.0,한국,한국,(주)쇼박스,12세 관람가,드라마,135.0,박건용,4.0,봄
96,97.0,줄리아의 눈,2011-03-31,1827252000.0,0.002,236365.0,232.0,15411.0,스페인,스페인,씨너스엔터테인먼트(주),청소년 관람불가,미스터리,117.0,기옘 모랄레스,3.0,봄
97,98.0,컨테이젼,2011-09-22,1782554000.0,0.001,228899.0,226.0,13090.0,미국,미국,워너브러더스 코리아(주),12세 관람가,미스터리,103.0,스티븐 소더버그,9.0,가을
98,99.0,알파 앤 오메가,2011-02-24,1685788500.0,0.001,222953.0,230.0,6172.0,미국,"미국,인도",(주)넥스트엔터테인먼트월드(NEW),전체 관람가,애니메이션,88.0,안소니 벨,2.0,겨울
99,100.0,노미오와 줄리엣,2011-04-14,1937314000.0,0.002,221195.0,291.0,10148.0,영국,"영국,미국",(주)쇼박스,15세 관람가,드라마,120.0,바즈 루어만,4.0,봄
100,101.0,포켓몬스터 베스트 위시 비크티니와 흑의 영웅 제크로무,2011-12-22,1470159500.0,0.001,217253.0,226.0,3178.0,일본,일본,(주)씨제이이엔엠,전체 관람가,애니메이션,97.0,유야마 쿠니히코,12.0,겨울
101,102.0,메카닉,2011-02-24,1666463000.0,0.001,217077.0,226.0,11051.0,미국,미국,씨너스엔터테인먼트(주),15세 관람가,액션,98.0,데니스 간젤,2.0,겨울
102,103.0,그린랜턴: 반지의 선택,2011-06-16,1651783500.0,0.001,216676.0,345.0,14670.0,미국,미국,워너브러더스 코리아(주),12세 관람가,액션,117.0,마틴 캠벨,6.0,여름
103,104.0,투혼,2011-10-06,1432123500.0,0.001,210970.0,356.0,15008.0,한국,한국,"(주)시너지하우스 (시너지),롯데쇼핑㈜롯데엔터테인먼트",전체 관람가,드라마,124.0,김상진,10.0,가을
104,105.0,한나,2011-04-14,1570759500.0,0.001,208912.0,269.0,13135.0,미국,미국,한국소니픽쳐스릴리징브에나비스타영화㈜,15세 관람가,액션,110.0,조 라이트,4.0,봄
105,106.0,굿모닝 에브리원,2011-03-17,1562415000.0,0.001,202667.0,148.0,9067.0,미국,미국,(주)씨제이이엔엠,15세 관람가,코미디,107.0,로저 미첼,3.0,봄
106,107.0,코쿠리코 언덕에서,2011-09-29,1409395900.0,0.001,197408.0,227.0,9385.0,일본,일본,(주)씨제이이엔엠,12세 관람가,애니메이션,91.0,미야자키 고로,9.0,가을
107,108.0,그린 호넷,2011-01-27,2152644900.0,0.002,195933.0,316.0,11311.0,미국,미국,한국소니픽쳐스릴리징브에나비스타영화㈜,15세 관람가,액션,118.0,미셸 공드리,1.0,겨울
108,109.0,쥴리의 육지 대모험,2011-09-08,1295342000.0,0.001,191783.0,192.0,5371.0,미국,"미국,홍콩,말레이시아",(주)싸이더스,전체 관람가,애니메이션,84.0,구안호,9.0,가을
109,110.0,바니버디,2011-07-20,1207921000.0,0.001,181837.0,224.0,5478.0,미국,미국,유니버설픽쳐스인터내셔널 코리아(유),전체 관람가,애니메이션,95.0,팀 힐,7.0,여름
110,111.0,127시간,2011-02-17,1337550500.0,0.001,180846.0,233.0,10078.0,미국,미국,이십세기폭스코리아(주),15세 관람가,모험,93.0,대니 보일,2.0,겨울
111,112.0,나는 아빠다,2011-04-14,1246420500.0,0.001,168049.0,300.0,15810.0,한국,한국,롯데쇼핑㈜롯데엔터테인먼트,청소년 관람불가,액션,99.0,전만배,4.0,봄
112,113.0,킬러 엘리트,2011-09-22,1249754000.0,0.001,165123.0,251.0,10932.0,미국,미국,에스케이텔레콤(주),청소년 관람불가,액션,116.0,개리 맥켄드리,9.0,가을
113,114.0,빨간모자의 진실 2,2011-07-13,1148327000.0,0.001,160148.0,287.0,5932.0,미국,미국,(주)화앤담이엔티,전체 관람가,애니메이션,84.0,마이크 디사,7.0,여름
114,115.0,어브덕션,2011-09-29,1140666500.0,0.001,156744.0,285.0,10607.0,미국,미국,필라멘트픽쳐스,15세 관람가,액션,105.0,존 싱글톤,9.0,가을
115,116.0,써커 펀치,2011-04-07,1223821000.0,0.001,156606.0,240.0,12541.0,미국,미국,워너브러더스 코리아(주),15세 관람가,액션,92.0,말콤 마틴,4.0,봄
116,117.0,헬프,2011-11-03,1131348500.0,0.001,155070.0,163.0,5805.0,미국,미국,한국소니픽쳐스릴리징브에나비스타영화㈜,전체 관람가,드라마,146.0,테이트 테일러,11.0,가을
117,118.0,프렌즈: 몬스터섬의비밀,2011-12-29,1086283500.0,0.001,147817.0,297.0,2271.0,일본,일본,"(주)스마일이엔티,(주)에스비에스콘텐츠허브",전체 관람가,애니메이션,88.0,야마자키 다카시,12.0,겨울
118,119.0,극장판 포켓 몬스터 DP 환영의 패왕 조로아크,2010-12-23,988195500.0,0.001,141003.0,112.0,2691.0,일본,일본,씨제이 씨지브이(CJ CGV)(주),전체 관람가,애니메이션,98.0,유야마 쿠니히코,12.0,겨울
119,120.0,극장판 도라에몽: 진구와 철인군단 날아라 천사들,2011-07-28,937570000.0,0.001,138277.0,154.0,3335.0,일본,일본,에이원엔터테인먼트,전체 관람가,애니메이션,108.0,테라모토 유키요,7.0,여름
120,121.0,파이터,2011-03-10,1033270000.0,0.001,136946.0,263.0,11217.0,미국,미국,(주)시너지하우스 (시너지),15세 관람가,드라마,114.0,데이비드 O. 러셀,3.0,봄
121,122.0,비스틀리,2011-03-17,1008669500.0,0.001,134025.0,214.0,10377.0,미국,미국,(주)넥스트엔터테인먼트월드(NEW),12세 관람가,판타지,86.0,다니엘 반즈,3.0,봄
122,123.0,오늘,2011-10-27,712814000.0,0.001,131896.0,207.0,7242.0,한국,한국,롯데쇼핑㈜롯데엔터테인먼트,15세 관람가,드라마,119.0,이정향,10.0,가을
123,124.0,파라노말 액티비티 3,2011-10-20,948704000.0,0.001,131437.0,180.0,6147.0,미국,미국,(주)씨제이이엔엠,12세 관람가,공포,82.0,헨리 유스트,10.0,가을
124,125.0,라이온 킹,1994-07-02,1334509500.0,0.001,125535.0,246.0,2580.0,미국,미국,브에나비스타인터내셔널코리아/월트디즈니,전체 관람가,애니메이션,89.0,로저 알러스,7.0,여름
125,126.0,썬더일레븐 극장판 : 최강군단 오우거의 습격,2011-05-05,811159500.0,0.001,123363.0,166.0,3030.0,일본,일본,(주)미디어데이,전체 관람가,애니메이션,90.0,미야오 요시카즈,5.0,봄
126,127.0,라스트 나잇,2011-04-07,910843000.0,0.001,119963.0,243.0,12030.0,미국,"미국,프랑스",(주)싸이더스,청소년 관람불가,멜로/로맨스,90.0,마시 태지딘,4.0,봄
127,128.0,정무문 : 100대 1의 전설,2011-06-22,872350500.0,0.001,117141.0,225.0,8958.0,홍콩,"홍콩,중국",(주)싸이더스,15세 관람가,액션,103.0,유위강,6.0,여름
128,129.0,로맨틱 크라운,2011-08-17,860047500.0,0.001,114888.0,239.0,8174.0,미국,미국,(주)싸이더스,12세 관람가,멜로/로맨스,99.0,톰 행크스,8.0,여름
129,130.0,러브 앤 프렌즈,2011-06-16,795721500.0,0.001,110795.0,207.0,6863.0,미국,미국,롯데쇼핑㈜롯데엔터테인먼트,15세 관람가,코미디,112.0,루크 그린필드,6.0,여름
130,131.0,히트,2011-10-13,783919500.0,0.001,110631.0,171.0,5960.0,한국,한국,(주)넥스트엔터테인먼트월드(NEW),청소년 관람불가,범죄,170.0,마이클 만,10.0,가을
131,132.0,웨이 백,2011-03-17,777981500.0,0.001,106223.0,175.0,7269.0,미국,미국,(주)쇼박스,12세 관람가,드라마,133.0,피터 위어,3.0,봄
132,133.0,타운,2011-01-27,763767000.0,0.001,98866.0,158.0,6377.0,미국,미국,워너브러더스 코리아(주),청소년 관람불가,범죄,124.0,벤 애플렉,1.0,겨울
133,134.0,기생령,2011-08-05,750901000.0,0.001,96992.0,207.0,5783.0,한국,한국,롯데쇼핑㈜롯데엔터테인먼트,청소년 관람불가,공포,92.0,고석진,8.0,여름
134,135.0,프리스트,2011-06-09,839493000.0,0.001,93336.0,228.0,7800.0,미국,미국,한국소니픽쳐스릴리징브에나비스타영화㈜,15세 관람가,액션,87.0,스콧 찰스 스튜어트,6.0,여름
135,136.0,샤크 나이트 3D,2011-09-15,855047000.0,0.001,92505.0,239.0,8293.0,미국,미국,(주)화앤담이엔티,15세 관람가,공포,91.0,데이비드 R. 엘리스,9.0,가을
136,137.0,타워 하이스트,2011-11-17,631715500.0,0.001,90840.0,213.0,6624.0,미국,미국,유니버설픽쳐스인터내셔널 코리아(유),12세 관람가,액션,105.0,브렛 래트너,11.0,가을
137,138.0,써니,2011-07-28,698549500.0,0.001,90562.0,54.0,1574.0,한국,한국,(주)씨제이이엔엠,15세 관람가,코미디,124.0,강형철,7.0,여름
138,139.0,옥보단,2011-05-12,969826000.0,0.001,84798.0,269.0,8360.0,홍콩,홍콩,(주)화앤담이엔티,청소년 관람불가,멜로/로맨스,88.0,하번,5.0,봄
139,140.0,아따맘마 - 극장판,2011-02-17,533355500.0,0.0,81352.0,90.0,2123.0,일본,일본,에이원엔터테인먼트,전체 관람가,애니메이션,95.0,야스미 테츠오,2.0,겨울
140,141.0,프렌즈 위드 베네핏,2011-10-27,591765000.0,0.0,80197.0,210.0,6077.0,미국,미국,한국소니픽쳐스릴리징브에나비스타영화㈜,청소년 관람불가,코미디,109.0,윌 글럭,10.0,가을
141,142.0,꿀벌 하치의 대모험,2011-01-13,525369500.0,0.0,79625.0,141.0,3089.0,일본,일본,"(주)박수엔터테인먼트,에이원엔터테인먼트",전체 관람가,애니메이션,95.0,아미노 테츠로,1.0,겨울
142,143.0,회초리,2011-05-19,479093000.0,0.0,74765.0,142.0,4246.0,한국,한국,롯데쇼핑㈜롯데엔터테인먼트,12세 관람가,코미디,104.0,박광우,5.0,봄
143,144.0,Mr.아이돌,2011-11-03,515508500.0,0.0,74261.0,311.0,8669.0,한국,한국,"롯데쇼핑㈜롯데엔터테인먼트,(주)시너지하우스 (시너지)",12세 관람가,드라마,114.0,라희찬,11.0,가을
144,145.0,로맨틱 헤븐,2011-03-24,542739500.0,0.0,73729.0,260.0,8914.0,한국,한국,(주)시네마서비스,12세 관람가,드라마,117.0,장진,3.0,봄
145,146.0,베니싱,2011-03-31,542044000.0,0.0,73582.0,181.0,7892.0,미국,미국,(주)넥스트엔터테인먼트월드(NEW),청소년 관람불가,드라마,109.0,조지 슬루이저,3.0,봄
146,147.0,돈비 어프레이드 : 어둠 속의 속삭임,2011-08-25,523576000.0,0.0,70798.0,233.0,6851.0,미국,"미국,호주,멕시코",(주)화앤담이엔티,15세 관람가,공포,99.0,트로이 닉시,8.0,여름
147,148.0,극장판 메탈 베이블레이드 VS 태양 작열의 침략자 솔블레이즈,2011-01-05,474061500.0,0.0,70065.0,120.0,2749.0,일본,일본,(주)미디어데이,전체 관람가,애니메이션,76.0,스기시마 쿠니히사,1.0,겨울
148,149.0,미트 페어런츠 3,2011-03-31,517805000.0,0.0,70053.0,196.0,6309.0,미국,미국,(주)씨제이이엔엠,15세 관람가,코미디,98.0,폴 웨이츠,3.0,봄
149,150.0,"사랑한다, 사랑하지 않는다",2011-03-03,508658500.0,0.0,66680.0,80.0,4571.0,한국,한국,(주)넥스트엔터테인먼트월드(NEW),15세 관람가,멜로/로맨스,105.0,이윤기,3.0,봄
0,1.0,도둑들,2012-07-25,93664808500.0,0.066,12983178.0,1091.0,155392.0,한국,"한국,홍콩",(주)쇼박스,15세 관람가,범죄,135.0,최동훈,7.0,여름
1,2.0,"광해, 왕이 된 남자",2012-09-13,88899448769.0,0.063,12319390.0,1001.0,203400.0,한국,한국,(주)씨제이이엔엠,15세 관람가,드라마,131.0,추창민,9.0,가을
2,3.0,어벤져스,2012-04-26,59557853478.0,0.042,7074867.0,967.0,109697.0,미국,미국,"월트디즈니컴퍼니코리아 유한책임회사,한국소니픽쳐스릴리징브에나비스타영화㈜",12세 관람가,액션,181.0,안소니 루소,4.0,봄
3,4.0,늑대소년,2012-10-31,46590107000.0,0.033,6654390.0,854.0,109069.0,한국,한국,(주)씨제이이엔엠,15세 관람가,멜로/로맨스,125.0,조성희,10.0,가을
4,5.0,다크 나이트 라이즈,2012-07-19,47644838000.0,0.034,6396528.0,1210.0,81254.0,미국,"미국,영국",워너브러더스 코리아(주),15세 관람가,액션,164.0,크리스토퍼 놀란,7.0,여름
5,6.0,바람과 함께 사라지다,2012-08-08,34614661161.0,0.024,4909937.0,694.0,78591.0,한국,한국,(주)넥스트엔터테인먼트월드(NEW),12세 관람가,코미디,121.0,김주호,8.0,여름
6,7.0,어메이징 스파이더맨,2012-06-28,41163951235.0,0.0289999999999999,4853123.0,1118.0,92755.0,미국,미국,한국소니픽쳐스릴리징브에나비스타영화㈜,12세 관람가,액션,136.0,마크 웹,6.0,여름
7,8.0,범죄와의 전쟁: 나쁜놈들 전성시대,2012-02-02,36538823500.0,0.026,4719872.0,713.0,91889.0,한국,한국,(주)쇼박스,청소년 관람불가,범죄,133.0,윤종빈,2.0,겨울
8,9.0,내 아내의 모든 것,2012-05-17,34223620500.0,0.024,4598821.0,563.0,91773.0,한국,한국,(주)넥스트엔터테인먼트월드(NEW),15세 관람가,멜로/로맨스,121.0,민규동,5.0,봄
9,10.0,연가시,2012-07-05,32175400664.0,0.023,4515833.0,759.0,71928.0,한국,한국,(주)씨제이이엔엠,15세 관람가,드라마,109.0,박정우,7.0,여름
10,11.0,건축학개론,2012-03-22,30222696000.0,0.021,4111068.0,593.0,106067.0,한국,한국,롯데쇼핑㈜롯데엔터테인먼트,12세 관람가,멜로/로맨스,118.0,이용주,3.0,봄
11,12.0,댄싱퀸,2012-01-18,30130775500.0,0.021,4058225.0,544.0,80987.0,한국,한국,(주)씨제이이엔엠,12세 관람가,코미디,124.0,이석훈,1.0,겨울
12,13.0,부러진 화살,2012-01-18,25878629500.0,0.018,3451025.0,530.0,71560.0,한국,한국,(주)넥스트엔터테인먼트월드(NEW),15세 관람가,드라마,100.0,정지영,1.0,겨울
13,14.0,맨 인 블랙 3,2012-05-24,27301520070.0,0.019,3379762.0,770.0,69538.0,미국,미국,한국소니픽쳐스릴리징브에나비스타영화㈜,12세 관람가,액션,106.0,베리 소넨필드,5.0,봄
14,15.0,레미제라블,2012-12-19,23428605500.0,0.016,3210107.0,696.0,33153.0,미국,미국,유니버설픽쳐스인터내셔널 코리아(유),12세 관람가,드라마,158.0,톰 후퍼,12.0,겨울
15,16.0,26년,2012-11-29,21111878145.0,0.015,2940475.0,611.0,50044.0,한국,한국,"(주)인벤트스톤,영화사청어람(주)",15세 관람가,액션,135.0,조근현,11.0,가을
16,17.0,내가 살인범이다,2012-11-08,20392266000.0,0.0139999999999999,2729798.0,547.0,58409.0,한국,한국,(주)쇼박스,청소년 관람불가,액션,119.0,정병길,11.0,가을
17,18.0,브레이킹 던 part2,2012-11-15,18909583065.0,0.013,2654817.0,665.0,56995.0,미국,미국,(주)넥스트엔터테인먼트월드(NEW),15세 관람가,드라마,115.0,빌 콘돈,11.0,가을
18,19.0,후궁 : 제왕의 첩,2012-06-06,19330302500.0,0.0139999999999999,2636320.0,624.0,69104.0,한국,한국,롯데쇼핑㈜롯데엔터테인먼트,청소년 관람불가,멜로/로맨스,122.0,김대승,6.0,여름
19,20.0,호빗: 뜻밖의 여정,2012-12-13,21724069066.0,0.015,2605124.0,1028.0,44977.0,미국,"미국,뉴질랜드",워너브러더스 코리아(주),12세 관람가,모험,169.0,피터 잭슨,12.0,겨울
20,21.0,미션임파서블:고스트프로토콜,2011-12-15,19536876000.0,0.0139999999999999,2533735.0,697.0,53514.0,미국,미국,(주)씨제이이엔엠,15세 관람가,액션,132.0,브래드 버드,12.0,겨울
21,22.0,화차,2012-03-08,18459428000.0,0.013,2436438.0,548.0,62643.0,한국,한국,필라멘트픽쳐스,15세 관람가,미스터리,117.0,변영주,3.0,봄
22,23.0,이웃사람,2012-08-22,18088462369.0,0.013,2434269.0,600.0,56752.0,한국,한국,롯데쇼핑㈜롯데엔터테인먼트,청소년 관람불가,스릴러,115.0,김휘,8.0,여름
23,24.0,007 스카이폴,2012-10-26,17487213000.0,0.012,2376145.0,748.0,51357.0,미국,"미국,영국",소니픽쳐스릴리징월트디즈니스튜디오스코리아(주),15세 관람가,액션,143.0,샘 멘데스,10.0,가을
24,25.0,테이큰 2,2012-09-27,17581098553.0,0.012,2308596.0,682.0,51344.0,프랑스,프랑스,이십세기폭스코리아(주),청소년 관람불가,액션,92.0,올리비에 메가턴,9.0,가을
25,26.0,배틀쉽,2012-04-11,16545921500.0,0.012,2241687.0,736.0,53109.0,미국,미국,유니버설픽쳐스인터내셔널 코리아(유),15세 관람가,SF,94.0,마이클 밀러,4.0,봄
26,27.0,장화신은 고양이,2012-01-12,17602643500.0,0.012,2080445.0,593.0,45451.0,미국,미국,(주)씨제이이엔엠,전체 관람가,애니메이션,102.0,조엘 크로포드,1.0,겨울
27,28.0,타워,2012-12-25,14658256500.0,0.01,2014589.0,617.0,22278.0,한국,한국,(주)씨제이이엔엠,12세 관람가,드라마,121.0,김지훈,12.0,겨울
28,29.0,코리아,2012-05-03,13448848500.0,0.009,1872681.0,537.0,49679.0,한국,한국,(주)씨제이이엔엠,12세 관람가,드라마,127.0,문현성,5.0,봄
29,30.0,나의 PS 파트너,2012-12-06,13548606616.0,0.01,1786831.0,552.0,37625.0,한국,한국,(주)씨제이이엔엠,청소년 관람불가,멜로/로맨스,114.0,변성현,12.0,겨울
30,31.0,반창꼬,2012-12-19,12459852719.0,0.009,1730535.0,466.0,26039.0,한국,한국,(주)넥스트엔터테인먼트월드(NEW),15세 관람가,드라마,120.0,정기훈,12.0,겨울
31,32.0,러브픽션,2012-02-29,13200412500.0,0.009,1726202.0,617.0,44130.0,한국,한국,(주)넥스트엔터테인먼트월드(NEW),15세 관람가,멜로/로맨스,121.0,전계수,2.0,겨울
32,33.0,언터처블: 1%의 우정,2012-03-22,12735040000.0,0.009,1720472.0,454.0,48976.0,프랑스,프랑스,(주)넥스트엔터테인먼트월드(NEW),12세 관람가,코미디,112.0,올리비에르 나카체,3.0,봄
33,34.0,아이스 에이지 4: 대륙 이동설,2012-07-25,12291969704.0,0.009,1648110.0,501.0,26899.0,미국,미국,이십세기폭스코리아(주),전체 관람가,애니메이션,92.0,스티브 마티노,7.0,여름
34,35.0,공모자들,2012-08-29,12240964500.0,0.009,1646142.0,496.0,44959.0,한국,한국,"씨너스엔터테인먼트(주),타임스토리그룹(주)",청소년 관람불가,범죄,111.0,김홍선,8.0,여름
35,36.0,마다가스카3 : 이번엔 서커스다!,2012-06-06,12521043500.0,0.009,1629799.0,564.0,34150.0,미국,미국,(주)씨제이이엔엠,전체 관람가,애니메이션,94.0,에릭 다넬,6.0,여름
36,37.0,하울링,2012-02-16,11765293500.0,0.008,1612554.0,550.0,44753.0,한국,한국,(주)씨제이이엔엠,15세 관람가,범죄,114.0,유하,2.0,겨울
37,38.0,용의자X,2012-10-18,11241013000.0,0.008,1552055.0,553.0,42989.0,한국,한국,(주)씨제이이엔엠,15세 관람가,미스터리,119.0,방은진,10.0,가을
38,39.0,새미의 어드벤쳐 2,2012-08-01,10856204000.0,0.008,1457380.0,486.0,26436.0,벨기에,벨기에,(주)씨제이이엔엠,전체 관람가,애니메이션,92.0,벤 스타센,8.0,여름
39,40.0,차형사,2012-05-30,9752555296.0,0.0069999999999999,1346754.0,433.0,39152.0,한국,한국,(주)씨제이이엔엠,15세 관람가,코미디,110.0,신태라,5.0,봄
40,41.0,은교,2012-04-25,9918274444.0,0.0069999999999999,1346359.0,521.0,41683.0,한국,한국,롯데쇼핑㈜롯데엔터테인먼트,청소년 관람불가,멜로/로맨스,129.0,정지우,4.0,봄
41,42.0,간첩,2012-09-20,9316548500.0,0.0069999999999999,1310895.0,576.0,41726.0,한국,한국,롯데쇼핑㈜롯데엔터테인먼트,15세 관람가,드라마,115.0,우민호,9.0,가을
42,43.0,간기남,2012-04-11,9356404500.0,0.0069999999999999,1246185.0,396.0,38155.0,한국,한국,(주)쇼박스,청소년 관람불가,스릴러,117.0,김형준,4.0,봄
43,44.0,메리다와 마법의 숲,2012-09-27,9024766000.0,0.006,1231024.0,479.0,22087.0,미국,미국,한국소니픽쳐스릴리징브에나비스타영화㈜,전체 관람가,애니메이션,102.0,마크 앤드류스,9.0,가을
44,45.0,토탈 리콜,2012-08-15,8958236000.0,0.006,1219637.0,448.0,27089.0,미국,"미국,캐나다",한국소니픽쳐스릴리징브에나비스타영화㈜,15세 관람가,액션,118.0,렌 와이즈먼,8.0,여름
45,46.0,R2B: 리턴투베이스,2012-08-15,8602921371.0,0.006,1201944.0,539.0,32881.0,한국,한국,(주)씨제이이엔엠,15세 관람가,액션,113.0,김동원,8.0,여름
46,47.0,돈의 맛,2012-05-17,8780178611.0,0.006,1166018.0,643.0,36922.0,한국,"한국,필리핀","(주)시너지하우스 (시너지),롯데쇼핑㈜롯데엔터테인먼트",청소년 관람불가,드라마,115.0,임상수,5.0,봄
47,48.0,잃어버린 세계를 찾아서 2: 신비의 섬,2012-01-19,9784305000.0,0.0069999999999999,1149628.0,398.0,27236.0,미국,미국,워너브러더스 코리아(주),전체 관람가,액션,94.0,브래드 페이튼,1.0,겨울
48,49.0,회사원,2012-10-11,8321175000.0,0.006,1110523.0,549.0,41275.0,한국,한국,(주)쇼박스,청소년 관람불가,액션,96.0,임상윤,10.0,가을
49,50.0,가디언즈,2012-11-29,8083010500.0,0.006,1056250.0,470.0,21045.0,미국,미국,(주)씨제이이엔엠,12세 관람가,액션,88.0,사릭 안드레아시안,11.0,가을
50,51.0,점박이:한반도의 공룡3D,2012-01-26,9681445500.0,0.0069999999999999,1050852.0,457.0,22475.0,한국,한국,(주)씨제이이엔엠,전체 관람가,애니메이션,90.0,한상호,1.0,겨울
51,52.0,본 레거시,2012-09-06,7412233000.0,0.005,1015711.0,585.0,31628.0,미국,미국,유니버설픽쳐스인터내셔널 코리아(유),15세 관람가,액션,135.0,토니 길로이,9.0,가을
52,53.0,가문의 영광5 - 가문의 귀환,2012-12-19,7245056500.0,0.005,1012223.0,447.0,22573.0,한국,한국,롯데쇼핑㈜롯데엔터테인먼트,15세 관람가,코미디,104.0,정용기,12.0,겨울
53,54.0,시체가 돌아왔다,2012-03-29,7360631000.0,0.005,986923.0,435.0,36705.0,한국,한국,(주)씨제이이엔엠,15세 관람가,범죄,110.0,우선호,3.0,봄
54,55.0,원더풀 라디오,2012-01-05,7193596000.0,0.005,977470.0,474.0,29167.0,한국,한국,(주)쇼박스,15세 관람가,드라마,120.0,권칠인,1.0,겨울
55,56.0,돈 크라이 마미,2012-11-22,6798882099.0,0.005,972962.0,444.0,29539.0,한국,한국,(주)에스비에스콘텐츠허브,15세 관람가,스릴러,91.0,김용한,11.0,가을
56,57.0,프로메테우스,2012-06-06,8600146099.0,0.006,971482.0,521.0,31629.0,미국,미국,이십세기폭스코리아(주),청소년 관람불가,SF,123.0,리들리 스콧,6.0,여름
57,58.0,스텝업4 : 레볼루션,2012-08-15,7157894000.0,0.005,953871.0,281.0,23522.0,미국,미국,롯데쇼핑㈜롯데엔터테인먼트,12세 관람가,멜로/로맨스,98.0,스콧 스피어,8.0,여름
58,59.0,점쟁이들,2012-10-03,6731202500.0,0.005,953682.0,479.0,31577.0,한국,한국,(주)넥스트엔터테인먼트월드(NEW),15세 관람가,코미디,119.0,신정원,10.0,가을
59,60.0,셜록홈즈 : 그림자 게임,2011-12-21,7168608500.0,0.005,949299.0,360.0,25140.0,미국,미국,워너브러더스 코리아(주),15세 관람가,액션,128.0,가이 리치,12.0,겨울
60,61.0,타이탄의 분노,2012-03-29,7591124500.0,0.005,893027.0,535.0,33580.0,미국,미국,워너브러더스 코리아(주),12세 관람가,액션,99.0,조나단 리브스만,3.0,봄
61,62.0,디스 민즈 워,2012-02-29,6661435000.0,0.005,873396.0,351.0,32790.0,미국,미국,이십세기폭스코리아(주),15세 관람가,액션,97.0,맥지,2.0,겨울
62,63.0,미확인 동영상 : 절대클릭금지,2012-05-30,5939840500.0,0.004,867386.0,361.0,25059.0,한국,한국,(주)쇼박스,15세 관람가,공포,93.0,김태경,5.0,봄
63,64.0,존 카터: 바숨 전쟁의 서막,2012-03-08,7229870500.0,0.005,838126.0,508.0,30760.0,미국,미국,한국소니픽쳐스릴리징브에나비스타영화㈜,12세 관람가,SF,132.0,앤드류 스탠튼,3.0,봄
64,65.0,나는 왕이로소이다,2012-08-08,5455343404.0,0.004,790181.0,471.0,21898.0,한국,한국,롯데쇼핑㈜롯데엔터테인먼트,12세 관람가,드라마,120.0,장규성,8.0,여름
65,66.0,토르: 마법망치의 전설,2012-02-09,5550797500.0,0.004,768426.0,383.0,18742.0,아이슬란드,아이슬란드,"롯데쇼핑㈜롯데엔터테인먼트,(주)스마일이엔티",전체 관람가,애니메이션,83.0,오스카 요나손,2.0,겨울
66,67.0,퍼펙트 게임,2011-12-21,5224000500.0,0.004,695312.0,396.0,21284.0,한국,한국,롯데쇼핑㈜롯데엔터테인먼트,12세 관람가,드라마,127.0,박희곤,12.0,겨울
67,68.0,스노우 화이트 앤 더 헌츠맨,2012-05-30,4646250000.0,0.003,636631.0,447.0,20647.0,미국,미국,유니버설픽쳐스인터내셔널 코리아(유),12세 관람가,판타지,127.0,루퍼트 샌더스,5.0,봄
68,69.0,주먹왕 랄프,2012-12-19,4473562000.0,0.003,616863.0,361.0,9560.0,미국,미국,소니픽쳐스릴리징월트디즈니스튜디오스코리아(주),전체 관람가,애니메이션,112.0,필 존스턴,12.0,겨울
69,70.0,미쓰GO,2012-06-21,4441859000.0,0.003,611685.0,440.0,24851.0,한국,한국,(주)넥스트엔터테인먼트월드(NEW),15세 관람가,코미디,115.0,박철관,6.0,여름
70,71.0,헝거게임: 판엠의 불꽃,2012-04-05,4478418000.0,0.003,607956.0,514.0,24924.0,미국,미국,롯데쇼핑㈜롯데엔터테인먼트,15세 관람가,판타지,142.0,게리 로스,4.0,봄
71,72.0,맨 온 렛지,2012-02-22,4393531500.0,0.003,591841.0,408.0,22440.0,미국,미국,롯데쇼핑㈜롯데엔터테인먼트,15세 관람가,스릴러,102.0,애스게르 레스,2.0,겨울
72,73.0,파파,2012-02-01,4000072000.0,0.003,587291.0,414.0,24767.0,한국,"한국,미국",롯데쇼핑㈜롯데엔터테인먼트,12세 관람가,코미디,118.0,한지승,2.0,겨울
73,74.0,백설공주,2012-05-03,4097396000.0,0.003,585473.0,386.0,20746.0,미국,미국,롯데쇼핑㈜롯데엔터테인먼트,전체 관람가,드라마,108.0,타셈 싱,5.0,봄
74,75.0,다크 섀도우,2012-05-10,4326459000.0,0.003,582126.0,394.0,18978.0,미국,미국,워너브러더스 코리아(주),15세 관람가,멜로/로맨스,112.0,팀 버튼,5.0,봄
75,76.0,루퍼,2012-10-11,4265566000.0,0.003,571922.0,386.0,23599.0,미국,미국,(주)에스비에스콘텐츠허브,청소년 관람불가,SF,119.0,라이언 존슨,10.0,가을
76,77.0,레지던트 이블 5 : 최후의 심판,2012-09-13,4757460500.0,0.003,558433.0,368.0,24599.0,미국,"미국,독일",한국소니픽쳐스릴리징브에나비스타영화㈜,청소년 관람불가,액션,95.0,폴 앤더슨,9.0,가을
77,78.0,마이웨이,2011-12-21,4181348000.0,0.003,556628.0,588.0,22546.0,한국,"한국,일본,중국","에스케이플래닛(주),(주)씨제이이엔엠",15세 관람가,드라마,137.0,강제규,12.0,겨울
78,79.0,명탐정 코난: 11번째 스트라이커,2012-07-19,3363777000.0,0.002,524914.0,350.0,10687.0,일본,일본,(주)씨제이이엔엠,12세 관람가,애니메이션,110.0,시즈노 코분,7.0,여름
79,80.0,아부의 왕,2012-06-21,3511102500.0,0.002,497880.0,428.0,22060.0,한국,한국,롯데쇼핑㈜롯데엔터테인먼트,15세 관람가,코미디,118.0,정승구,6.0,여름
80,81.0,페이스메이커,2012-01-18,3443753000.0,0.002,467697.0,412.0,21875.0,한국,한국,"(주)시너지하우스 (시너지),롯데쇼핑㈜롯데엔터테인먼트",12세 관람가,드라마,124.0,김달중,1.0,겨울
81,82.0,락아웃: 익스트림미션,2012-06-14,3373780000.0,0.002,462176.0,374.0,22172.0,미국,"미국,프랑스",롯데쇼핑㈜롯데엔터테인먼트,15세 관람가,SF,94.0,제임스 매더,6.0,여름
82,83.0,익스펜더블 2,2012-09-06,3208867228.0,0.002,444434.0,393.0,20126.0,미국,미국,롯데쇼핑㈜롯데엔터테인먼트,15세 관람가,액션,100.0,사이먼 웨스트,9.0,가을
83,84.0,밀레니엄 : 여자를 증오한 남자들,2012-01-11,3504237000.0,0.002,443855.0,321.0,12005.0,미국,"미국,스웨덴,영국,독일",한국소니픽쳐스릴리징브에나비스타영화㈜,청소년 관람불가,스릴러,158.0,데이빗 핀처,1.0,겨울
84,85.0,두 개의 달,2012-07-12,2949348748.0,0.002,426706.0,347.0,16810.0,한국,한국,롯데쇼핑㈜롯데엔터테인먼트,15세 관람가,미스터리,86.0,김동빈,7.0,여름
85,86.0,늑대소년,2012-12-06,2868180500.0,0.002,414064.0,278.0,11436.0,한국,한국,(주)씨제이이엔엠,15세 관람가,멜로/로맨스,125.0,조성희,12.0,겨울
86,87.0,크로니클,2012-03-15,2884776000.0,0.002,384398.0,324.0,20957.0,미국,미국,이십세기폭스코리아(주),15세 관람가,드라마,83.0,조쉬 트랭크,3.0,봄
87,88.0,프렌즈: 몬스터섬의비밀,2011-12-29,2668476500.0,0.002,364732.0,290.0,10153.0,일본,일본,"(주)스마일이엔티,(주)에스비에스콘텐츠허브",전체 관람가,애니메이션,88.0,야마자키 다카시,12.0,겨울
88,89.0,링컨: 뱀파이어 헌터,2012-08-30,2750911500.0,0.002,344876.0,337.0,16372.0,미국,미국,이십세기폭스코리아(주),청소년 관람불가,액션,105.0,티무르 베크맘베토브,8.0,여름
89,90.0,음치 클리닉,2012-11-29,2248238000.0,0.002,338168.0,360.0,16243.0,한국,한국,롯데쇼핑㈜롯데엔터테인먼트,12세 관람가,멜로/로맨스,124.0,김진영,11.0,가을
90,91.0,무서운 이야기,2012-07-25,2452368566.0,0.002,331760.0,274.0,10268.0,한국,한국,롯데쇼핑㈜롯데엔터테인먼트,15세 관람가,공포,94.0,김곡,7.0,여름
91,92.0,극장판 포켓몬스터 베스트위시「큐레무 VS 성검사 케르디오」,2012-12-19,1281250750.0,0.001,329560.0,275.0,5943.0,일본,일본,(주)씨제이이엔엠,전체 관람가,애니메이션,93.0,유야마 쿠니히코,12.0,겨울
92,93.0,모모와 다락방의 수상한 요괴들,2012-07-05,1988264000.0,0.001,300174.0,253.0,7084.0,일본,일본,타임스토리그룹(주),전체 관람가,애니메이션,120.0,오키우라 히로유키,7.0,여름
93,94.0,빌리와 용감한 녀석들 3D,2012-08-08,1961802000.0,0.001,299628.0,241.0,7176.0,독일,독일,(주)에스비에스콘텐츠허브,전체 관람가,애니메이션,82.0,닉힐 아드바니,8.0,여름
94,95.0,로렉스,2012-05-03,2153198000.0,0.002,298780.0,463.0,7843.0,미국,미국,유니버설픽쳐스인터내셔널 코리아(유),전체 관람가,애니메이션,86.0,크리스 리노드,5.0,봄
95,96.0,위험한 관계,2012-10-11,2122666230.0,0.001,298086.0,334.0,17886.0,한국,"한국,중국",(주)씨제이이엔엠,청소년 관람불가,멜로/로맨스,111.0,허진호,10.0,가을
96,97.0,더 그레이,2012-02-16,2198959500.0,0.002,292217.0,298.0,12002.0,미국,"미국,캐나다",(주)팝파트너스,15세 관람가,액션,116.0,조 카나한,2.0,겨울
97,98.0,네버엔딩 스토리,2012-01-18,2106823000.0,0.001,283449.0,269.0,13651.0,한국,한국,(주)화앤담이엔티,15세 관람가,멜로/로맨스,114.0,정용주,1.0,겨울
98,99.0,우리는 동물원을 샀다,2012-01-18,1993190500.0,0.001,276334.0,235.0,10457.0,미국,미국,이십세기폭스코리아(주),전체 관람가,가족,124.0,카메론 크로우,1.0,겨울
99,100.0,메로엣타의 반짝반짝 음악회,2012-12-19,916970250.0,0.001,273298.0,237.0,4729.0,일본,일본,,전체 관람가,애니메이션,20.0,유야마 쿠니히코,12.0,겨울
100,101.0,짱구는 못말려 극장판: 태풍을 부르는 황금스파이 대작전,2012-04-26,1804032000.0,0.001,272062.0,295.0,5989.0,일본,일본,롯데쇼핑㈜롯데엔터테인먼트,전체 관람가,애니메이션,107.0,마스이 소우이치,4.0,봄
101,102.0,가비,2012-03-15,1969360500.0,0.001,270602.0,339.0,17388.0,한국,한국,(주)시네마서비스,15세 관람가,미스터리,115.0,장윤현,3.0,봄
102,103.0,19곰 테드,2012-09-27,2034959293.0,0.001,266574.0,248.0,10374.0,미국,미국,유니버설픽쳐스인터내셔널 코리아(유),청소년 관람불가,코미디,115.0,세스 맥팔레인,9.0,가을
103,104.0,니코: 산타비행단의 모험,2012-12-25,1676033500.0,0.001,243062.0,306.0,3824.0,핀란드,"핀란드,덴마크,아일랜드,독일",씨너스엔터테인먼트(주),전체 관람가,애니메이션,76.0,캐리 주스넌,12.0,겨울
104,105.0,잠베지아: 신비한 나무섬의 비밀,2012-12-25,1754592000.0,0.001,240603.0,273.0,4343.0,남아프리카공화국,"남아프리카공화국,미국",롯데쇼핑㈜롯데엔터테인먼트,전체 관람가,애니메이션,83.0,웨인 쏜리,12.0,겨울
105,106.0,서약,2012-03-14,1810275500.0,0.001,239483.0,314.0,14635.0,미국,"미국,프랑스,브라질",한국소니픽쳐스릴리징브에나비스타영화㈜,15세 관람가,드라마,104.0,마이클 수지,3.0,봄
106,107.0,강철대오:구국의 철가방,2012-10-25,1614867156.0,0.001,233211.0,366.0,15187.0,한국,한국,롯데쇼핑㈜롯데엔터테인먼트,15세 관람가,코미디,113.0,육상효,10.0,가을
107,108.0,오싹한 연애,2011-12-01,1721163500.0,0.001,231358.0,243.0,7444.0,한국,한국,(주)씨제이이엔엠,12세 관람가,멜로/로맨스,114.0,황인호,12.0,겨울
108,109.0,캐빈 인 더 우즈,2012-06-28,1710273500.0,0.001,228090.0,288.0,11889.0,미국,미국,롯데쇼핑㈜롯데엔터테인먼트,청소년 관람불가,액션,95.0,드류 고다드,6.0,여름
109,110.0,나는 공무원이다,2012-07-12,1537947500.0,0.001,217719.0,278.0,10866.0,한국,한국,(주)넥스트엔터테인먼트월드(NEW),전체 관람가,코미디,101.0,구자홍,7.0,여름
110,111.0,자칼이 온다,2012-11-15,1430079500.0,0.001,210278.0,300.0,11257.0,한국,한국,롯데쇼핑㈜롯데엔터테인먼트,15세 관람가,코미디,107.0,배형준,11.0,가을
111,112.0,테드: 황금도시 파이티티를 찾아서,2012-09-20,1453568500.0,0.001,206320.0,301.0,6248.0,스페인,스페인,(주)싸이더스,전체 관람가,애니메이션,91.0,엔리크 가토,9.0,가을
112,113.0,코알라 키드 : 영웅의 탄생,2012-01-12,1434535500.0,0.001,205579.0,234.0,6761.0,한국,"한국,미국",롯데쇼핑㈜롯데엔터테인먼트,전체 관람가,애니메이션,85.0,이경호,1.0,겨울
113,114.0,언더월드 4: 어웨이크닝,2012-02-22,1861948000.0,0.001,200038.0,343.0,13363.0,미국,미국,한국소니픽쳐스릴리징브에나비스타영화㈜,청소년 관람불가,액션,88.0,만스 말린드,2.0,겨울
114,115.0,해피 피트 2,2012-02-02,1463939000.0,0.001,185744.0,315.0,7802.0,호주,호주,워너브러더스 코리아(주),전체 관람가,애니메이션,100.0,조지 밀러,2.0,겨울
115,116.0,업사이드 다운,2012-11-08,1229283645.0,0.001,175349.0,309.0,9939.0,캐나다,"캐나다,프랑스",롯데쇼핑㈜롯데엔터테인먼트,12세 관람가,다큐멘터리,65.0,김동빈,11.0,가을
116,117.0,라이온 킹,1994-07-02,1827751500.0,0.001,170840.0,244.0,6378.0,미국,미국,브에나비스타인터내셔널코리아/월트디즈니,전체 관람가,애니메이션,89.0,로저 알러스,7.0,여름
117,118.0,극장판 도라에몽 진구와 기적의 섬: 애니멀 어드벤처,2012-07-25,1071505500.0,0.001,165640.0,184.0,4003.0,일본,일본,롯데쇼핑㈜롯데엔터테인먼트,전체 관람가,애니메이션,100.0,쿠스바 코조,7.0,여름
118,119.0,세이프 하우스,2012-02-29,1223151500.0,0.001,163729.0,292.0,10800.0,미국,"미국,남아프리카공화국",유니버설픽쳐스인터내셔널 코리아(유),15세 관람가,액션,115.0,다니엘 에스피노사,2.0,겨울
119,120.0,다크아워,2012-01-05,1319649000.0,0.001,162604.0,324.0,10423.0,미국,미국,이십세기폭스코리아(주),12세 관람가,SF,89.0,크리스 고락,1.0,겨울
120,121.0,더 레이븐,2012-07-05,1125457000.0,0.001,153581.0,265.0,9459.0,미국,"미국,헝가리,스페인",롯데쇼핑㈜롯데엔터테인먼트,청소년 관람불가,스릴러,110.0,제임스 맥티그,7.0,여름
121,122.0,미녀와 야수,1992-07-04,1495523500.0,0.001,145235.0,221.0,4612.0,미국,미국,"워너브러더스 코리아(주),한국소니픽쳐스릴리징브에나비스타영화㈜",전체 관람가,판타지,129.0,빌 콘돈,7.0,여름
122,123.0,철의 여인,2012-02-23,1079310500.0,0.001,144368.0,162.0,5515.0,영국,영국,필라멘트픽쳐스,12세 관람가,드라마,105.0,필리다 로이드,2.0,겨울
123,124.0,아르고,2012-10-31,1001059500.0,0.001,140736.0,240.0,8422.0,미국,미국,워너브러더스 코리아(주),15세 관람가,드라마,120.0,벤 애플렉,10.0,가을
124,125.0,액트 오브 밸러: 최정예 특수부대,2012-02-29,1036484500.0,0.001,139541.0,223.0,8237.0,미국,미국,씨너스엔터테인먼트(주),15세 관람가,액션,110.0,마이크 맥코이,2.0,겨울
125,126.0,사다코 3D : 죽음의 동영상,2012-06-14,1128635032.0,0.001,122382.0,262.0,7549.0,일본,일본,KT&G 상상마당 영화사업팀 컴퍼니에스에스(주),15세 관람가,공포,95.0,하나부사 츠토무,6.0,여름
126,127.0,리미트리스,2012-07-12,870473000.0,0.001,121538.0,164.0,4270.0,미국,미국,팝엔터테인먼트,15세 관람가,미스터리,105.0,닐 버거,7.0,여름
127,128.0,고스트 라이더 : 복수의 화신,2012-02-16,902998500.0,0.001,117265.0,269.0,9068.0,미국,미국,롯데쇼핑㈜롯데엔터테인먼트,15세 관람가,액션,95.0,마크 네빌딘,2.0,겨울
128,129.0,우먼 인 블랙,2012-02-16,862144800.0,0.001,117188.0,237.0,7084.0,영국,영국,"(주)넥스트엔터테인먼트월드(NEW),KT&G 상상마당 영화사업팀 컴퍼니에스에스(주)",15세 관람가,드라마,95.0,제임스 왓킨스,2.0,겨울
129,130.0,스타워즈:에피소드1 보이지 않는 위험,1999-06-26,1230713000.0,0.001,110700.0,204.0,5223.0,미국,미국,이십세기폭스코리아(주),전체 관람가,SF,131.0,조지 루카스,6.0,여름
130,131.0,극장판 파워레인저: 캡틴포스 VS 미라클포스 199 히어로 대결전,2012-12-13,735605000.0,0.001,107403.0,229.0,3402.0,일본,"일본,네덜란드",롯데쇼핑㈜롯데엔터테인먼트,전체 관람가,액션,81.0,타케모토 노보루,12.0,겨울
131,132.0,5백만불의 사나이,2012-07-19,739789500.0,0.001,104736.0,331.0,6393.0,한국,한국,(주)씨제이이엔엠,15세 관람가,코미디,107.0,김익로,7.0,여름
132,133.0,워 호스,2012-02-09,734302500.0,0.001,102195.0,229.0,5947.0,미국,미국,한국소니픽쳐스릴리징브에나비스타영화㈜,전체 관람가,공연실황,160.0,톰 모리스,2.0,겨울
133,134.0,극장판 포켓몬스터 베스트 위시 비크티니와 백의 영웅 레시라무,2011-12-22,654481500.0,0.0,98014.0,186.0,2790.0,일본,일본,(주)씨제이이엔엠,전체 관람가,애니메이션,98.0,유야마 쿠니히코,12.0,겨울
134,135.0,인류멸망 보고서,2012-04-11,704635000.0,0.0,97916.0,236.0,9556.0,한국,한국,"롯데쇼핑㈜롯데엔터테인먼트,타임스토리그룹(주)",15세 관람가,SF,113.0,김지운,4.0,봄
135,136.0,577 프로젝트,2012-08-30,695765500.0,0.0,96079.0,191.0,5040.0,한국,한국,필라멘트픽쳐스,15세 관람가,코미디,99.0,이근우,8.0,여름
136,137.0,초한지 - 천하대전,2012-01-11,710375000.0,0.0,94652.0,167.0,3863.0,중국,"중국,홍콩",KT&G 상상마당 영화사업팀 컴퍼니에스에스(주),12세 관람가,액션,137.0,이인항,1.0,겨울
137,138.0,락 오브 에이지,2012-08-02,659124496.0,0.0,90926.0,243.0,4733.0,미국,미국,워너브러더스 코리아(주),15세 관람가,뮤지컬,123.0,아담 쉥크만,8.0,여름
138,139.0,페이스 블라인드,2012-06-21,660556169.0,0.0,88977.0,179.0,4652.0,미국,"미국,프랑스,캐나다",(주)마인스 엔터테인먼트,청소년 관람불가,범죄,102.0,줄리앙 마그넷,6.0,여름
139,140.0,콜드 라잇 오브 데이,2012-05-17,636555090.0,0.0,88522.0,245.0,7158.0,미국,미국,씨너스엔터테인먼트(주),15세 관람가,액션,93.0,마브룩 엘 메크리,5.0,봄
140,141.0,팅커 테일러 솔저 스파이,2012-02-09,648623500.0,0.0,87191.0,187.0,4690.0,영국,"영국,프랑스,독일","(주)드림팩트엔터테인먼트,팝엔터테인먼트",15세 관람가,스릴러,127.0,토마스 알프레드슨,2.0,겨울
141,142.0,레전드 오브 래빗,2012-02-22,581200500.0,0.0,85184.0,225.0,3911.0,중국,중국,(주)화앤담이엔티,전체 관람가,애니메이션,80.0,마원,2.0,겨울
142,143.0,극장판 썬더일레븐GO : 궁극의 우정 그리폰,2012-05-24,574947000.0,0.0,84255.0,243.0,2849.0,일본,일본,에이원엔터테인먼트,전체 관람가,애니메이션,94.0,미야오 요시카즈,5.0,봄
143,144.0,포켓몬스터 베스트 위시 비크티니와 흑의 영웅 제크로무,2011-12-22,528197000.0,0.0,76642.0,175.0,2273.0,일본,일본,(주)씨제이이엔엠,전체 관람가,애니메이션,97.0,유야마 쿠니히코,12.0,겨울
144,145.0,조조-황제의 반란,2012-10-18,535708500.0,0.0,75301.0,227.0,6859.0,중국,중국,롯데쇼핑㈜롯데엔터테인먼트,15세 관람가,드라마,107.0,조림산,10.0,가을
145,146.0,피라냐 3DD,2012-08-01,646211500.0,0.0,74576.0,269.0,5571.0,미국,미국,롯데쇼핑㈜롯데엔터테인먼트,청소년 관람불가,공포,83.0,존 걸레거,8.0,여름
146,147.0,앨빈과 슈퍼밴드3,2011-12-15,485263000.0,0.0,73590.0,169.0,2146.0,미국,미국,이십세기폭스코리아(주),전체 관람가,애니메이션,87.0,마이크 미첼,12.0,겨울
147,148.0,하이힐을 신고 달리는 여자,2012-02-02,548423500.0,0.0,71725.0,169.0,4859.0,미국,미국,필라멘트픽쳐스,15세 관람가,코미디,90.0,더글러스 맥그라스,2.0,겨울
148,149.0,로우리스: 나쁜 영웅들,2012-10-18,468141666.0,0.0,66468.0,275.0,7627.0,미국,미국,씨너스엔터테인먼트(주),청소년 관람불가,범죄,115.0,존 힐코트,10.0,가을
149,150.0,오페라의 유령 : 25주년 특별 공연,2011-12-15,1136679000.0,0.001,65104.0,24.0,1205.0,영국,영국,유니버설픽쳐스인터내셔널 코리아(유),전체 관람가,공연실황,175.0,캐머런 맥킨토시,12.0,겨울
