순위,영화명,개봉일,매출액,매출액 점유율,관객수,스크린수,상영횟수,대표국적,국적,배급사,연령등급,장르,러닝타임,감독,개봉월,계절
1.0,7번방의 선물,2013-01-23,91431914670.0,6.10%,12811206.0,866.0,166815.0,한국,한국,(주)넥스트엔터테인먼트월드(NEW),15세 관람가,코미디,127.0,이환경,1.0,겨울
2.0,설국열차,2013-08-01,67010087500.0,4.40%,9349993.0,1128.0,124823.0,한국,"한국,체코",(주)씨제이이엔엠,15세 관람가,SF,125.0,봉준호,8.0,여름
3.0,관상,2013-09-11,66005427500.0,4.40%,9134581.0,1240.0,125073.0,한국,한국,(주)쇼박스,15세 관람가,드라마,139.0,한재림,9.0,가을
4.0,아이언맨 3,2013-04-25,70806364000.0,4.70%,9001331.0,1389.0,163584.0,미국,미국,소니픽쳐스릴리징월트디즈니스튜디오스코리아(주),12세 관람가,SF,129.0,셰인 블랙,4.0,봄
5.0,베를린,2013-01-30,52355568637.0,3.50%,7166290.0,894.0,111744.0,한국,"한국,독일",(주)씨제이이엔엠,15세 관람가,액션,120.0,류승완,1.0,겨울
6.0,은밀하게 위대하게,2013-06-05,48700887413.0,3.20%,6959083.0,1341.0,117461.0,한국,한국,(주)쇼박스,15세 관람가,액션,123.0,장철수,6.0,여름
7.0,변호인,2013-12-18,40953398000.0,2.70%,5687047.0,923.0,55006.0,한국,한국,(주)넥스트엔터테인먼트월드(NEW),15세 관람가,드라마,127.0,양우석,12.0,겨울
8.0,숨바꼭질,2013-08-14,39602977500.0,2.60%,5604103.0,779.0,88062.0,한국,한국,(주)넥스트엔터테인먼트월드(NEW),15세 관람가,스릴러,107.0,허정,8.0,여름
9.0,더 테러 라이브,2013-07-31,39869706381.0,2.60%,5584139.0,809.0,93488.0,한국,한국,롯데쇼핑㈜롯데엔터테인먼트,15세 관람가,스릴러,98.0,김병유,7.0,여름
10.0,감시자들,2013-07-03,39380162179.0,2.60%,5508017.0,949.0,100309.0,한국,한국,(주)넥스트엔터테인먼트월드(NEW),15세 관람가,범죄,119.0,조의석,7.0,여름
11.0,월드 워 Z,2013-06-20,38555356000.0,2.60%,5237525.0,964.0,100823.0,미국,미국,롯데쇼핑㈜롯데엔터테인먼트,15세 관람가,드라마,115.0,마크 포스터,6.0,여름
12.0,신세계,2013-02-21,34881330905.0,2.30%,4682492.0,671.0,90580.0,한국,한국,(주)넥스트엔터테인먼트월드(NEW),청소년 관람불가,범죄,134.0,박훈정,2.0,겨울
13.0,박수건달,2013-01-09,28343986569.0,1.90%,3893216.0,603.0,60585.0,한국,한국,(주)쇼박스,15세 관람가,코미디,127.0,조진규,1.0,겨울
14.0,스파이,2013-09-05,24509278305.0,1.60%,3435802.0,785.0,72796.0,한국,"한국,태국",(주)씨제이이엔엠,15세 관람가,코미디,120.0,폴 페이그,9.0,가을
15.0,그래비티,2013-10-17,31214018600.0,2.10%,3194693.0,636.0,80584.0,미국,미국,"(주)스튜디오디에이치엘,주식회사 해리슨앤컴퍼니,워너브러더스 코리아(주)",12세 관람가,SF,90.0,알폰소 쿠아론,10.0,가을
16.0,타워,2012-12-25,22996601500.0,1.50%,3166425.0,638.0,58869.0,한국,한국,(주)씨제이이엔엠,12세 관람가,드라마,121.0,김지훈,12.0,겨울
17.0,감기,2013-08-14,21774884000.0,1.40%,3117859.0,806.0,55046.0,한국,한국,아이러브시네마,15세 관람가,드라마,121.0,김성수,8.0,여름
18.0,토르: 다크 월드,2013-10-30,22525808500.0,1.50%,3039889.0,733.0,78095.0,미국,미국,소니픽쳐스릴리징월트디즈니스튜디오스코리아(주),12세 관람가,액션,112.0,앨런 테일러,10.0,가을
19.0,레드: 더 레전드,2013-07-18,21511371970.0,1.40%,3004649.0,739.0,55733.0,미국,미국,롯데쇼핑㈜롯데엔터테인먼트,15세 관람가,액션,115.0,딘 패리소트,7.0,여름
20.0,친구 2,2013-11-14,21795237513.0,1.40%,2969900.0,968.0,69856.0,한국,한국,롯데쇼핑㈜롯데엔터테인먼트,청소년 관람불가,느와르,124.0,곽경택,11.0,가을
21.0,어바웃 타임,2013-12-05,20908973000.0,1.40%,2856065.0,568.0,49967.0,영국,영국,유니버설픽쳐스인터내셔널 코리아(유),15세 관람가,멜로/로맨스,123.0,리차드 커티스,12.0,겨울
22.0,나우 유 씨 미 : 마술사기단,2013-08-22,19146691869.0,1.30%,2718227.0,691.0,54658.0,미국,미국,롯데쇼핑㈜롯데엔터테인먼트,12세 관람가,범죄,115.0,루이스 리터리어,8.0,여름
23.0,소원,2013-10-02,18529862600.0,1.20%,2711083.0,651.0,72329.0,한국,한국,롯데쇼핑㈜롯데엔터테인먼트,12세 관람가,드라마,122.0,이준익,10.0,가을
24.0,레미제라블,2012-12-19,19635813500.0,1.30%,2707479.0,592.0,49348.0,미국,미국,유니버설픽쳐스인터내셔널 코리아(유),12세 관람가,드라마,158.0,톰 후퍼,12.0,겨울
25.0,퍼시픽 림,2013-07-11,20477374512.0,1.40%,2539113.0,1005.0,55655.0,미국,미국,워너브러더스 코리아(주),15세 관람가,액션,111.0,스티븐 S. 드나이트,7.0,여름
26.0,화이: 괴물을 삼킨 아이,2013-10-09,17695412795.0,1.20%,2394453.0,817.0,59049.0,한국,한국,(주)쇼박스,청소년 관람불가,액션,126.0,장준환,10.0,가을
27.0,컨저링,2013-09-17,16353225777.0,1.10%,2262758.0,563.0,48616.0,미국,미국,워너브러더스 코리아(주),청소년 관람불가,공포,91.0,스콧 제프리,9.0,가을
28.0,맨 오브 스틸,2013-06-13,17092964063.0,1.10%,2182227.0,998.0,55514.0,미국,미국,워너브러더스 코리아(주),12세 관람가,액션,143.0,잭 스나이더,6.0,여름
29.0,용의자,2013-12-24,15629492500.0,1.00%,2176752.0,807.0,26814.0,한국,한국,(주)쇼박스,15세 관람가,액션,137.0,원신연,12.0,겨울
30.0,호빗: 스마우그의 폐허,2013-12-12,16564184549.0,1.10%,2115878.0,811.0,35223.0,미국,"미국,뉴질랜드",워너브러더스 코리아(주),12세 관람가,판타지,161.0,피터 잭슨,12.0,겨울
31.0,몽타주,2013-05-16,15002458500.0,1.00%,2095592.0,544.0,53195.0,한국,한국,(주)넥스트엔터테인먼트월드(NEW),15세 관람가,스릴러,120.0,정근섭,5.0,봄
32.0,터보,2013-07-25,13116737000.0,0.90%,1924414.0,634.0,28783.0,미국,미국,(주)씨제이이엔엠,전체 관람가,애니메이션,95.0,데이빗 소렌,7.0,여름
33.0,연애의 온도,2013-03-21,13798864446.0,0.90%,1865195.0,567.0,57847.0,한국,한국,롯데쇼핑㈜롯데엔터테인먼트,청소년 관람불가,멜로/로맨스,112.0,노덕,3.0,봄
34.0,지.아이.조 2,2013-03-28,14457048500.0,1.00%,1855917.0,766.0,62627.0,미국,"미국,캐나다",(주)씨제이이엔엠,15세 관람가,액션,110.0,존 추,3.0,봄
35.0,분노의 질주: 더 맥시멈,2013-05-22,13210338042.0,0.90%,1790916.0,657.0,44371.0,미국,미국,유니버설픽쳐스인터내셔널 코리아(유),15세 관람가,액션,130.0,저스틴 린,5.0,봄
36.0,공범,2013-10-24,12333110882.0,0.80%,1766285.0,611.0,51425.0,한국,한국,(주)씨제이이엔엠,15세 관람가,스릴러,95.0,국동석,10.0,가을
37.0,집으로 가는 길,2013-12-11,12373339745.0,0.80%,1763231.0,740.0,39811.0,한국,한국,(주)씨제이이엔엠,15세 관람가,드라마,131.0,방은진,12.0,겨울
38.0,전설의 주먹,2013-04-10,12777314500.0,0.80%,1744585.0,724.0,57593.0,한국,한국,(주)씨제이이엔엠,청소년 관람불가,액션,153.0,강우석,4.0,봄
39.0,파파로티,2013-03-14,11825934000.0,0.80%,1716429.0,552.0,53601.0,한국,한국,(주)쇼박스,15세 관람가,드라마,127.0,윤종찬,3.0,봄
40.0,스타트렉 다크니스,2013-05-30,12964828000.0,0.90%,1605271.0,607.0,40504.0,미국,미국,(주)씨제이이엔엠,12세 관람가,액션,132.0,J.J. 에이브럼스,5.0,봄
41.0,오블리비언,2013-04-11,11165841500.0,0.70%,1515356.0,634.0,47871.0,미국,미국,유니버설픽쳐스인터내셔널 코리아(유),15세 관람가,액션,124.0,조셉 코신스키,4.0,봄
42.0,위대한 개츠비,2013-05-16,10581329643.0,0.70%,1445248.0,562.0,36008.0,미국,"미국,호주",워너브러더스 코리아(주),15세 관람가,드라마,141.0,바즈 루어만,5.0,봄
43.0,다이하드: 굿 데이 투 다이,2013-02-06,10825703000.0,0.70%,1438056.0,459.0,33055.0,미국,미국,이십세기폭스코리아(주),15세 관람가,액션,96.0,존 무어,2.0,겨울
44.0,런닝맨,2013-04-04,10060239500.0,0.70%,1422844.0,567.0,45995.0,한국,"한국,미국",이십세기폭스코리아(주),15세 관람가,액션,127.0,조동오,4.0,봄
45.0,미스터 고,2013-07-17,9337976000.0,0.60%,1328888.0,840.0,38263.0,한국,"한국,중국",(주)쇼박스,12세 관람가,드라마,132.0,김용화,7.0,여름
46.0,결혼전야,2013-11-21,8434175719.0,0.60%,1212843.0,524.0,38819.0,한국,한국,씨너스엔터테인먼트(주),15세 관람가,멜로/로맨스,118.0,홍지영,11.0,가을
47.0,깡철이,2013-10-02,8572344462.0,0.60%,1209363.0,707.0,43102.0,한국,한국,(주)씨제이이엔엠,15세 관람가,가족,108.0,안권태,10.0,가을
48.0,엘리시움,2013-08-29,9017994500.0,0.60%,1207732.0,588.0,31515.0,미국,미국,소니픽쳐스릴리징월트디즈니스튜디오스코리아(주),청소년 관람불가,SF,109.0,닐 블롬캠프,8.0,여름
49.0,더 웹툰: 예고살인,2013-06-27,8537683070.0,0.60%,1201457.0,541.0,35931.0,한국,한국,(주)씨제이이엔엠,15세 관람가,공포,104.0,김용균,6.0,여름
50.0,웜 바디스,2013-03-14,8361708124.0,0.60%,1169839.0,477.0,37960.0,미국,미국,(주)씨제이이엔엠,15세 관람가,코미디,96.0,조나단 레빈,3.0,봄
51.0,고령화 가족,2013-05-09,8169492153.0,0.50%,1141222.0,583.0,37524.0,한국,한국,(주)씨제이이엔엠,15세 관람가,드라마,112.0,송해성,5.0,봄
52.0,헝거게임: 캣칭 파이어,2013-11-21,7850816000.0,0.50%,1125739.0,630.0,33686.0,미국,미국,롯데쇼핑㈜롯데엔터테인먼트,15세 관람가,판타지,146.0,프란시스 로렌스,11.0,가을
53.0,더 울버린,2013-07-25,7849518000.0,0.50%,1075333.0,707.0,26905.0,미국,미국,이십세기폭스코리아(주),15세 관람가,SF,125.0,제임스 맨골드,7.0,여름
54.0,동창생,2013-11-06,7010197126.0,0.50%,1048280.0,660.0,36401.0,한국,한국,(주)쇼박스,15세 관람가,액션,113.0,박홍수,11.0,가을
55.0,에픽 : 숲속의 전설,2013-08-07,6748072000.0,0.40%,978785.0,471.0,18377.0,미국,미국,이십세기폭스코리아(주),전체 관람가,애니메이션,102.0,크리스 웨지,8.0,여름
56.0,전국노래자랑,2013-05-01,6687636000.0,0.40%,978413.0,581.0,41649.0,한국,한국,롯데쇼핑㈜롯데엔터테인먼트,12세 관람가,코미디,112.0,이종필,5.0,봄
57.0,슈퍼배드 2,2013-09-12,6605655500.0,0.40%,962862.0,424.0,17373.0,미국,미국,유니버설픽쳐스인터내셔널 코리아(유),전체 관람가,애니메이션,98.0,피에르 꼬팽,9.0,가을
58.0,잭 더 자이언트 킬러,2013-02-28,7376481000.0,0.50%,956154.0,507.0,27115.0,미국,미국,워너브러더스 코리아(주),12세 관람가,모험,114.0,브라이언 싱어,2.0,겨울
59.0,크루즈 패밀리,2013-05-16,6540951500.0,0.40%,941824.0,525.0,21734.0,미국,미국,(주)씨제이이엔엠,전체 관람가,애니메이션,95.0,조엘 크로포드,5.0,봄
60.0,뽀로로 극장판 슈퍼썰매 대모험,2013-01-23,6826641500.0,0.50%,931342.0,459.0,19941.0,한국,한국,"(주)넥스트엔터테인먼트월드(NEW),(주)씨제이이엔엠",전체 관람가,애니메이션,77.0,박영균,1.0,겨울
61.0,개구쟁이 스머프 2,2013-08-01,5993979500.0,0.40%,921788.0,478.0,15485.0,미국,미국,소니픽쳐스릴리징월트디즈니스튜디오스코리아(주),전체 관람가,애니메이션,104.0,라자 고스넬,8.0,여름
62.0,몬스터 호텔,2013-01-17,6080221500.0,0.40%,884885.0,489.0,16647.0,미국,미국,소니픽쳐스릴리징월트디즈니스튜디오스코리아(주),전체 관람가,애니메이션,91.0,젠디 타타코브스키,1.0,겨울
63.0,열한시,2013-11-28,6097792000.0,0.40%,870785.0,512.0,32536.0,한국,한국,(주)씨제이이엔엠,15세 관람가,스릴러,99.0,김현석,11.0,가을
64.0,몬스터 대학교,2013-09-12,5879223500.0,0.40%,870605.0,385.0,15172.0,미국,미국,소니픽쳐스릴리징월트디즈니스튜디오스코리아(주),전체 관람가,애니메이션,110.0,댄 스캔론,9.0,가을
65.0,남쪽으로 튀어,2013-02-06,5970851500.0,0.40%,832894.0,428.0,23088.0,한국,한국,롯데쇼핑㈜롯데엔터테인먼트,15세 관람가,드라마,121.0,임순례,2.0,겨울
66.0,하늘에서 음식이 내린다면 2,2013-11-21,5411562500.0,0.40%,797850.0,545.0,16340.0,미국,미국,소니픽쳐스릴리징월트디즈니스튜디오스코리아(주),전체 관람가,애니메이션,94.0,코디 캐머런,11.0,가을
67.0,잭 리처,2013-01-17,5758577000.0,0.40%,784031.0,431.0,19868.0,미국,미국,(주)씨제이이엔엠,15세 관람가,액션,118.0,에드워드 즈윅,1.0,겨울
68.0,반창꼬,2012-12-19,5451422068.0,0.40%,745262.0,381.0,20840.0,한국,한국,(주)넥스트엔터테인먼트월드(NEW),15세 관람가,드라마,120.0,정기훈,12.0,겨울
69.0,더 파이브,2013-11-14,5343797000.0,0.40%,731212.0,501.0,27308.0,한국,한국,(주)씨제이이엔엠,청소년 관람불가,스릴러,123.0,정연식,11.0,가을
70.0,더 임파서블,2013-01-17,4445235500.0,0.30%,622704.0,407.0,19595.0,스페인,"스페인,미국",롯데쇼핑㈜롯데엔터테인먼트,12세 관람가,드라마,113.0,후안 안토니오 바요나,1.0,겨울
71.0,인시디어스: 두번째 집,2013-12-05,4001137000.0,0.30%,577748.0,405.0,18653.0,미국,미국,소니픽쳐스릴리징월트디즈니스튜디오스코리아(주),15세 관람가,공포,106.0,제임스 완,12.0,겨울
72.0,섀도우 헌터스: 뼈의 도시,2013-09-12,4034176500.0,0.30%,571074.0,374.0,18273.0,미국,"미국,독일",롯데쇼핑㈜롯데엔터테인먼트,15세 관람가,판타지,130.0,해럴드 즈워트,9.0,가을
73.0,화이트 하우스 다운,2013-06-27,4015707500.0,0.30%,569500.0,480.0,19850.0,미국,미국,소니픽쳐스릴리징월트디즈니스튜디오스코리아(주),15세 관람가,액션,131.0,롤랜드 에머리히,6.0,여름
74.0,애프터 어스,2013-05-30,3831856167.0,0.30%,537920.0,484.0,19867.0,미국,미국,소니픽쳐스릴리징월트디즈니스튜디오스코리아(주),12세 관람가,SF,100.0,M. 나이트 샤말란,5.0,봄
75.0,사이코메트리,2013-03-07,3978495129.0,0.30%,534273.0,429.0,23487.0,한국,한국,(주)씨제이이엔엠,청소년 관람불가,드라마,108.0,토마스 로스,3.0,봄
76.0,퍼시 잭슨과 괴물의 바다,2013-09-12,3791349609.0,0.30%,519584.0,409.0,17054.0,미국,미국,이십세기폭스코리아(주),12세 관람가,모험,106.0,쏘어 프류덴탈,9.0,가을
77.0,남자사용설명서,2013-02-14,3606654257.0,0.20%,507913.0,372.0,17238.0,한국,한국,(주)쇼박스,15세 관람가,멜로/로맨스,116.0,이원석,2.0,겨울
78.0,다이노소어 어드벤처 3D,2013-12-19,4140930000.0,0.30%,507164.0,464.0,8994.0,미국,"미국,영국",이십세기폭스코리아(주),전체 관람가,애니메이션,87.0,닐 나이팅게일,12.0,겨울
79.0,무서운 이야기 2,2013-06-05,3393667500.0,0.20%,495522.0,337.0,18509.0,한국,한국,롯데쇼핑㈜롯데엔터테인먼트,15세 관람가,공포,95.0,김성호,6.0,여름
80.0,캐치미,2013-12-18,3293262500.0,0.20%,480434.0,517.0,16151.0,한국,한국,롯데쇼핑㈜롯데엔터테인먼트,대한민국,액션,12.0,이현우,12.0,겨울
81.0,썬더와 마법저택,2013-12-24,3109415000.0,0.20%,459295.0,422.0,6081.0,벨기에,벨기에,(주)씨제이이엔엠,전체 관람가,애니메이션,86.0,벤 스타센,12.0,겨울
82.0,노브레싱,2013-10-30,2991824739.0,0.20%,451669.0,584.0,24912.0,한국,"한국,필리핀",(주)나이너스엔터테인먼트,15세 관람가,드라마,118.0,조용선,10.0,가을
83.0,클라우드 아틀라스,2013-01-09,3385615727.0,0.20%,449344.0,382.0,13627.0,미국,"미국,독일",(주)넥스트엔터테인먼트월드(NEW),청소년 관람불가,SF,172.0,릴리 워쇼스키,1.0,겨울
84.0,창수,2013-11-28,3146542000.0,0.20%,429141.0,415.0,19471.0,한국,한국,"(주)마인스 엔터테인먼트,(주)박수엔터테인먼트",청소년 관람불가,느와르,103.0,이덕희,11.0,가을
85.0,명탐정 코난 : 수평선상의 음모,2013-08-07,2465123000.0,0.20%,389871.0,316.0,8196.0,일본,일본,(주)씨제이이엔엠,12세 관람가,애니메이션,107.0,야마모토 야스이치로,8.0,여름
86.0,론 레인저,2013-07-04,2750149500.0,0.20%,387527.0,401.0,14155.0,미국,미국,소니픽쳐스릴리징월트디즈니스튜디오스코리아(주),15세 관람가,액션,149.0,고어 버빈스키,7.0,여름
87.0,스토커,2013-02-28,2829265174.0,0.20%,378874.0,329.0,15590.0,미국,미국,이십세기폭스코리아(주),청소년 관람불가,스릴러,99.0,박찬욱,2.0,겨울
88.0,오즈 그레이트 앤드 파워풀,2013-03-07,2886185000.0,0.20%,350563.0,425.0,15582.0,미국,미국,소니픽쳐스릴리징월트디즈니스튜디오스코리아(주),전체 관람가,판타지,127.0,샘 레이미,3.0,봄
89.0,미나문방구,2013-05-16,2247017000.0,0.10%,334323.0,385.0,16653.0,한국,한국,롯데쇼핑㈜롯데엔터테인먼트,전체 관람가,드라마,106.0,정익환,5.0,봄
90.0,차이니즈 조디악,2013-02-27,2211711500.0,0.10%,315305.0,300.0,13432.0,중국,중국,롯데쇼핑㈜롯데엔터테인먼트,12세 관람가,모험,128.0,성룡,2.0,겨울
91.0,빌리와 용감한 녀석들 2,2013-02-21,2006325000.0,0.10%,306837.0,289.0,7410.0,인도,인도,(주)에스비에스콘텐츠허브,전체 관람가,애니메이션,82.0,닉힐 아드바니,2.0,겨울
92.0,주먹왕 랄프,2012-12-19,2116917500.0,0.10%,301436.0,286.0,7086.0,미국,미국,소니픽쳐스릴리징월트디즈니스튜디오스코리아(주),전체 관람가,애니메이션,112.0,필 존스턴,12.0,겨울
93.0,이스케이프 플랜,2013-12-05,2106938679.0,0.10%,292892.0,287.0,10331.0,미국,미국,판씨네마(주),15세 관람가,액션,93.0,스티븐 C. 밀러,12.0,겨울
94.0,눈의 여왕,2013-02-07,1846221000.0,0.10%,276913.0,316.0,6528.0,러시아,러시아,(주)넥스트엔터테인먼트월드(NEW),미국,드라마,15.0,아담 갠저,2.0,겨울
95.0,롤러코스터,2013-10-17,1913087600.0,0.10%,270148.0,374.0,14726.0,한국,한국,(주)씨제이이엔엠,15세 관람가,코미디,94.0,하정우,10.0,가을
96.0,헨젤과 그레텔: 마녀 사냥꾼 3D,2013-02-14,2122205602.0,0.10%,269510.0,297.0,10624.0,미국,"미국,영국",(주)씨제이이엔엠,청소년 관람불가,액션,87.0,토미 위르콜라,2.0,겨울
97.0,파이스토리 : 악당상어 소탕작전,2013-01-10,1808263000.0,0.10%,267440.0,298.0,7483.0,미국,"미국,한국",(주)에스비에스콘텐츠허브,전체 관람가,애니메이션,80.0,마크 A.Z. 디페,1.0,겨울
98.0,장고:분노의 추적자,2013-03-21,1883634000.0,0.10%,260144.0,342.0,11792.0,미국,미국,소니픽쳐스릴리징월트디즈니스튜디오스코리아(주),청소년 관람불가,드라마,165.0,쿠엔틴 타란티노,3.0,봄
99.0,밤의 여왕,2013-10-17,1762892500.0,0.10%,252475.0,333.0,13286.0,한국,한국,(주)인벤트스톤,15세 관람가,멜로/로맨스,113.0,김제영,10.0,가을
100.0,캡틴 필립스,2013-10-23,1679067434.0,0.10%,241514.0,302.0,10623.0,미국,미국,소니픽쳐스릴리징월트디즈니스튜디오스코리아(주),15세 관람가,드라마,134.0,폴 그린그래스,10.0,가을
101.0,잠베지아: 신비한 나무섬의 비밀,2012-12-25,1579355000.0,0.10%,232089.0,240.0,5946.0,남아프리카공화국,"남아프리카공화국,미국",롯데쇼핑㈜롯데엔터테인먼트,전체 관람가,애니메이션,83.0,웨인 쏜리,12.0,겨울
102.0,분노의 윤리학,2013-02-21,1658653000.0,0.10%,225618.0,302.0,11909.0,한국,한국,롯데쇼핑㈜롯데엔터테인먼트,청소년 관람불가,범죄,110.0,박명랑,2.0,겨울
103.0,잡스,2013-08-29,1594901136.0,0.10%,225343.0,402.0,12017.0,미국,미국,(주)넥스트엔터테인먼트월드(NEW),12세 관람가,드라마,127.0,조슈아 마이클 스턴,8.0,여름
104.0,세이빙 산타,2013-12-19,1423164000.0,0.10%,220748.0,297.0,4347.0,영국,영국,(주)영화사 빅,전체 관람가,애니메이션,84.0,레온 주센,12.0,겨울
105.0,짱구는 못말려 극장판:태풍을 부르는 나와 우주의 프린세스,2013-04-25,1430168500.0,0.10%,217320.0,328.0,5977.0,일본,일본,롯데쇼핑㈜롯데엔터테인먼트,전체 관람가,애니메이션,111.0,마스이 소우이치,4.0,봄
106.0,송 포 유,2013-04-18,1485573000.0,0.10%,217314.0,317.0,11737.0,영국,영국,(주)넥스트엔터테인먼트월드(NEW),12세 관람가,코미디,93.0,폴 앤드류 윌리엄스,4.0,봄
107.0,호빗: 뜻밖의 여정,2012-12-13,1712751650.0,0.10%,213869.0,280.0,6606.0,미국,"미국,뉴질랜드",워너브러더스 코리아(주),12세 관람가,판타지,169.0,피터 잭슨,12.0,겨울
108.0,비행기,2013-12-19,1497601500.0,0.10%,209653.0,408.0,5620.0,미국,미국,소니픽쳐스릴리징월트디즈니스튜디오스코리아(주),"<dd>10.0 <span class=""bg_point per100""><span class=""ico_point""></span></span></dd>",애니메이션,92.0,전체,12.0,겨울
109.0,비포 미드나잇,2013-05-22,1488770000.0,0.10%,203940.0,275.0,9504.0,미국,미국,"(주)까멜리아이엔티,(주)팝엔터테인먼트",청소년 관람불가,멜로/로맨스,108.0,리처드 링클레이터,5.0,봄
110.0,응징자,2013-10-30,1388412500.0,0.10%,192347.0,305.0,12023.0,한국,한국,(주)인벤트스톤,청소년 관람불가,액션,103.0,신재호,10.0,가을
111.0,프리즈너스,2013-10-02,1374330500.0,0.10%,188084.0,297.0,7922.0,미국,미국,"(주)넥스트엔터테인먼트월드(NEW),판씨네마(주)",청소년 관람불가,스릴러,153.0,드니 빌뇌브,10.0,가을
112.0,마이 리틀 히어로,2013-01-09,1286203128.0,0.10%,183650.0,341.0,11663.0,한국,한국,(주)씨제이이엔엠,전체 관람가,드라마,135.0,김성훈,1.0,겨울
113.0,해양경찰 마르코,2013-02-14,1151907000.0,0.10%,181740.0,276.0,4674.0,덴마크,덴마크,(주)인벤트스톤,전체 관람가,애니메이션,80.0,얀 라벡,2.0,겨울
114.0,백악관 최후의 날,2013-06-05,1272025000.0,0.10%,181257.0,283.0,9349.0,미국,미국,씨너스엔터테인먼트(주),청소년 관람불가,액션,120.0,안톤 후쿠아,6.0,여름
115.0,명탐정 코난:은빛 날개의 마술사,2013-01-24,1158761500.0,0.10%,176495.0,139.0,3661.0,일본,일본,(주)씨제이이엔엠,전체 관람가,애니메이션,107.0,야마모토 야스이치로,1.0,겨울
116.0,톱스타,2013-10-24,1194185500.0,0.10%,175153.0,397.0,12218.0,한국,한국,롯데쇼핑㈜롯데엔터테인먼트,15세 관람가,드라마,114.0,박중훈,10.0,가을
117.0,노리개,2013-04-18,1229614500.0,0.10%,169064.0,278.0,11564.0,한국,한국,(주)인벤트스톤,15세 관람가,드라마,102.0,최승호,4.0,봄
118.0,엔더스 게임,2013-12-31,1229288000.0,0.10%,166533.0,460.0,2876.0,미국,미국,롯데쇼핑㈜롯데엔터테인먼트,12세 관람가,SF,114.0,개빈 후드,12.0,겨울
119.0,니코: 산타비행단의 모험,2012-12-25,1111536500.0,0.10%,164386.0,260.0,4260.0,핀란드,"핀란드,덴마크,아일랜드,독일",씨너스엔터테인먼트(주),전체 관람가,애니메이션,76.0,캐리 주스넌,12.0,겨울
120.0,더 자이언트,2013-02-21,996662000.0,0.10%,157990.0,227.0,4565.0,미국,"미국,태국",(주)마인스 엔터테인먼트,전체 관람가,애니메이션,90.0,프라파스 콜사라논,2.0,겨울
121.0,히든 카드,2013-09-26,1080423651.0,0.10%,151476.0,362.0,10423.0,미국,미국,이십세기폭스코리아(주),청소년 관람불가,범죄,88.0,브래드 퍼맨,9.0,가을
122.0,가문의 영광5 - 가문의 귀환,2012-12-19,1085286000.0,0.10%,147798.0,224.0,6856.0,한국,한국,롯데쇼핑㈜롯데엔터테인먼트,15세 관람가,코미디,104.0,정용기,12.0,겨울
123.0,안나 카레니나,2013-03-21,989494500.0,0.10%,144351.0,248.0,7651.0,미국,미국,유니버설픽쳐스인터내셔널 코리아(유),15세 관람가,드라마,130.0,조 라이트,3.0,봄
124.0,링컨,2013-03-14,954242500.0,0.10%,137505.0,214.0,5948.0,미국,미국,이십세기폭스코리아(주),12세 관람가,드라마,150.0,스티븐 스필버그,3.0,봄
125.0,더 퍼지,2013-11-06,1032196000.0,0.10%,137340.0,232.0,6013.0,미국,미국,유니버설픽쳐스인터내셔널 코리아(유),청소년 관람불가,스릴러,103.0,에베라도 발레리오 구트,11.0,가을
126.0,카운슬러,2013-11-14,966623000.0,0.10%,133272.0,293.0,7740.0,미국,"미국,영국",이십세기폭스코리아(주),청소년 관람불가,스릴러,117.0,리들리 스콧,11.0,가을
127.0,리딕,2013-11-28,927494000.0,0.10%,132059.0,275.0,7468.0,미국,미국,(주)영화사 빅,15세 관람가,SF,118.0,데이빗 토히,11.0,가을
128.0,러시 : 더 라이벌,2013-10-09,931998000.0,0.10%,126994.0,270.0,8129.0,미국,미국,롯데쇼핑㈜롯데엔터테인먼트,청소년 관람불가,액션,123.0,론 하워드,10.0,가을
129.0,버틀러: 대통령의 집사,2013-11-28,884325000.0,0.10%,126822.0,182.0,4927.0,미국,미국,(주)넥스트엔터테인먼트월드(NEW),15세 관람가,드라마,132.0,리 다니엘스,11.0,가을
130.0,극장판 도라에몽: 진구의 비밀도구 박물관,2013-07-25,780545500.0,0.10%,122172.0,239.0,3555.0,일본,일본,롯데쇼핑㈜롯데엔터테인먼트,전체 관람가,애니메이션,104.0,테라모토 유키요,7.0,여름
131.0,배우는 배우다,2013-10-24,811202000.0,0.10%,111948.0,297.0,9265.0,한국,한국,(주)넥스트엔터테인먼트월드(NEW),청소년 관람불가,드라마,98.0,신연식,10.0,가을
132.0,제로 다크 서티,2013-03-07,780080000.0,0.10%,108991.0,258.0,6966.0,미국,미국,(주)에스비에스콘텐츠허브,15세 관람가,스릴러,157.0,캐스린 비글로우,3.0,봄
133.0,월터의 상상은 현실이 된다,2013-12-31,743042000.0,0.00%,107278.0,378.0,1889.0,미국,미국,"글뫼 주식회사,이십세기폭스코리아(주)",12세 관람가,모험,114.0,벤 스틸러,12.0,겨울
134.0,바람이 분다,2013-09-05,747245500.0,0.00%,106439.0,288.0,6684.0,일본,일본,롯데쇼핑㈜롯데엔터테인먼트,<dd>17분</dd>,대한민국,0.0,홍유정,9.0,가을
135.0,R.I.P.D. : 알.아이.피.디.,2013-08-22,725451071.0,0.00%,101460.0,268.0,5744.0,미국,미국,유니버설픽쳐스인터내셔널 코리아(유),15세 관람가,액션,95.0,로베르트 슈벤트케,8.0,여름
136.0,원피스 극장판 Z,2013-03-21,626891000.0,0.00%,93239.0,267.0,3968.0,일본,일본,(주)씨제이이엔엠,전체 관람가,애니메이션,108.0,나가미네 타츠야,3.0,봄
137.0,마마,2013-01-23,662161500.0,0.00%,91143.0,164.0,4091.0,미국,미국,유니버설픽쳐스인터내셔널 코리아(유),15세 관람가,공포,100.0,안드레스 무시에티,1.0,겨울
138.0,몬스터 주식회사,2001-12-20,933962500.0,0.10%,90143.0,177.0,2594.0,미국,미국,"한국소니픽쳐스릴리징브에나비스타영화㈜,소니픽쳐스릴리징월트디즈니스튜디오스코리아(주)",전체 관람가,애니메이션,92.0,피트 닥터,12.0,겨울
139.0,더 콜,2013-06-20,626952634.0,0.00%,88953.0,241.0,5412.0,미국,미국,(주)넥스트엔터테인먼트월드(NEW),청소년 관람불가,범죄,94.0,브래드 앤더슨,6.0,여름
140.0,뷰티풀 크리처스,2013-04-18,582030544.0,0.00%,82995.0,278.0,7272.0,미국,미국,롯데쇼핑㈜롯데엔터테인먼트,15세 관람가,스릴러,124.0,리처드 라그라브네스,4.0,봄
141.0,니모를 찾아서,2003-06-05,757151000.0,0.10%,73215.0,212.0,2917.0,미국,미국,월트디즈니코리아㈜,전체 관람가,애니메이션,100.0,앤드류 스탠튼,6.0,여름
142.0,화이트 고릴라,2013-10-31,464078500.0,0.00%,71796.0,182.0,2181.0,스페인,스페인,"(주)마인스 엔터테인먼트,(주)박수엔터테인먼트",전체 관람가,가족,86.0,안드레스 G. 슈에,10.0,가을
143.0,닥터,2013-06-20,495574500.0,0.00%,68312.0,163.0,4131.0,한국,한국,(주)마인스 엔터테인먼트,청소년 관람불가,스릴러,97.0,김성홍,6.0,여름
144.0,라스트 스탠드,2013-02-21,492763000.0,0.00%,66790.0,300.0,7704.0,미국,"미국,한국",(주)씨제이이엔엠,청소년 관람불가,액션,107.0,김지운,2.0,겨울
145.0,정글번치 : 빙산으로의 귀환,2013-10-02,408523000.0,0.00%,65827.0,224.0,2428.0,프랑스,프랑스,(주)팝엔터테인먼트,전체 관람가,애니메이션,71.0,데이빗 알루,10.0,가을
146.0,에반게리온: Q,2013-04-25,435800211.0,0.00%,61423.0,59.0,2778.0,일본,일본,"㈜T-JOY,씨너스엔터테인먼트(주)",15세 관람가,애니메이션,95.0,안노 히데아키,4.0,봄
147.0,호프 스프링즈,2013-04-04,388432500.0,0.00%,55273.0,179.0,3516.0,미국,미국,(주)시너지하우스 (시너지),청소년 관람불가,코미디,100.0,데이빗 프랭클,4.0,봄
148.0,돌핀 : 꿈꾸는 다니엘의 용감한 모험,2013-03-21,354256000.0,0.00%,53744.0,197.0,1897.0,페루,"페루,독일,이탈리아",팝엔터테인먼트,전체 관람가,애니메이션,86.0,에두와르도 슐츠,3.0,봄
149.0,스카이포스 3D,2013-02-28,349260500.0,0.00%,51553.0,183.0,2227.0,미국,"미국,홍콩",(주)미디어데이,전체 관람가,애니메이션,81.0,토니 탕,2.0,겨울
150.0,뜨거운 안녕,2013-05-30,315291000.0,0.00%,47105.0,172.0,3497.0,한국,"한국,일본",(주)나이너스엔터테인먼트,12세 관람가,드라마,99.0,남택수,5.0,봄
1.0,명량,2014-07-30,136000000000.0,8.80%,17613682.0,1587.0,188611.0,한국,한국,(주)씨제이이엔엠,15세 관람가,액션,128.0,김한민,7.0,여름
2.0,겨울왕국,2014-01-16,82461504400.0,5.30%,10296101.0,1010.0,157683.0,미국,미국,소니픽쳐스릴리징월트디즈니스튜디오스코리아(주),전체 관람가,애니메이션,103.0,크리스 벅,1.0,겨울
3.0,인터스텔라,2014-11-06,80671424300.0,5.20%,10105247.0,1410.0,166218.0,미국,"미국,영국",워너브러더스 코리아(주),12세 관람가,SF,169.0,크리스토퍼 놀란,11.0,가을
4.0,해적: 바다로 간 산적,2014-08-06,66370682706.0,4.30%,8666046.0,910.0,133350.0,한국,한국,롯데쇼핑㈜롯데엔터테인먼트,12세 관람가,모험,130.0,이석훈,8.0,여름
5.0,수상한 그녀,2014-01-22,62705348249.0,4.10%,8657982.0,1027.0,136975.0,한국,한국,(주)씨제이이엔엠,15세 관람가,코미디,124.0,황동혁,1.0,겨울
6.0,변호인,2013-12-18,41918383800.0,2.70%,5687571.0,925.0,97261.0,한국,한국,(주)넥스트엔터테인먼트월드(NEW),15세 관람가,드라마,127.0,양우석,12.0,겨울
7.0,국제시장,2014-12-17,41089567596.0,2.70%,5345677.0,966.0,63603.0,한국,한국,(주)씨제이이엔엠,12세 관람가,드라마,126.0,윤제균,12.0,겨울
8.0,트랜스포머: 사라진 시대,2014-06-25,44012752845.0,2.90%,5295836.0,1602.0,107875.0,미국,미국,(주)씨제이이엔엠,12세 관람가,SF,164.0,마이클 베이,6.0,여름
9.0,군도: 민란의 시대,2014-07-23,36988022499.0,2.40%,4774931.0,1394.0,67237.0,한국,한국,(주)쇼박스,15세 관람가,액션,137.0,윤종빈,7.0,여름
10.0,엣지 오브 투모로우,2014-06-04,38732961201.0,2.50%,4699307.0,801.0,94559.0,미국,미국,워너브러더스 코리아(주),12세 관람가,액션,113.0,더그 라이만,6.0,여름
11.0,엑스맨: 데이즈 오브 퓨처 패스트,2014-05-22,34654558766.0,2.20%,4313871.0,1056.0,82722.0,미국,미국,이십세기폭스코리아(주),12세 관람가,SF,134.0,브라이언 싱어,5.0,봄
12.0,어메이징 스파이더맨 2,2014-04-23,34869101800.0,2.30%,4168353.0,1312.0,91715.0,미국,미국,소니픽쳐스릴리징월트디즈니스튜디오스코리아(주),12세 관람가,액션,142.0,마크 웹,4.0,봄
13.0,타짜-신의 손,2014-09-03,32373120927.0,2.10%,4015361.0,890.0,80584.0,한국,한국,"롯데쇼핑㈜롯데엔터테인먼트,(주)싸이더스",청소년 관람불가,드라마,147.0,강형철,9.0,가을
14.0,혹성탈출: 반격의 서막,2014-07-10,31514053095.0,2.00%,4002560.0,956.0,72881.0,미국,미국,이십세기폭스코리아(주),12세 관람가,액션,130.0,맷 리브스,7.0,여름
15.0,캡틴 아메리카: 윈터 솔져,2014-03-26,31711040385.0,2.10%,3963251.0,1106.0,110109.0,미국,미국,"월트디즈니컴퍼니코리아 유한책임회사,소니픽쳐스릴리징월트디즈니스튜디오스코리아(주)",15세 관람가,액션,136.0,조 루소,3.0,봄
16.0,역린,2014-04-30,29894266890.0,1.90%,3849552.0,1054.0,83296.0,한국,한국,롯데쇼핑㈜롯데엔터테인먼트,15세 관람가,드라마,135.0,이재규,4.0,봄
17.0,신의 한 수,2014-07-03,28812027456.0,1.90%,3566852.0,794.0,77109.0,한국,한국,(주)쇼박스,15세 관람가,범죄,106.0,리건,7.0,여름
18.0,끝까지 간다,2014-05-29,27007303900.0,1.80%,3450305.0,645.0,84875.0,한국,한국,(주)쇼박스,15세 관람가,범죄,111.0,김성훈,5.0,봄
19.0,드래곤 길들이기 2,2014-07-23,23979935189.0,1.60%,3000056.0,829.0,51924.0,미국,미국,(주)씨제이이엔엠,전체 관람가,애니메이션,101.0,딘 데블로이스,7.0,여름
20.0,표적,2014-04-30,22256769300.0,1.40%,2841828.0,716.0,72255.0,한국,한국,(주)씨제이이엔엠,15세 관람가,액션,98.0,창감독,4.0,봄
21.0,메이즈 러너,2014-09-18,21489367677.0,1.40%,2812427.0,655.0,71048.0,미국,미국,이십세기폭스코리아(주),12세 관람가,액션,143.0,웨스 볼,9.0,가을
22.0,호빗: 다섯 군대 전투,2014-12-17,21428483344.0,1.40%,2509887.0,926.0,43833.0,미국,"미국,뉴질랜드",워너브러더스 코리아(주),12세 관람가,판타지,144.0,피터 잭슨,12.0,겨울
23.0,나의 사랑 나의 신부,2014-10-08,16636404305.0,1.10%,2141155.0,629.0,69681.0,한국,한국,씨네그루(주)다우기술,15세 관람가,멜로/로맨스,111.0,임찬상,10.0,가을
24.0,논스톱,2014-02-27,16066549940.0,1.00%,2084482.0,582.0,58217.0,미국,"미국,프랑스",(주)넥스트엔터테인먼트월드(NEW),15세 관람가,스페인,106.0,자움 콜렛 세라,2.0,겨울
25.0,인투 더 스톰,2014-08-28,16157166332.0,1.00%,2078698.0,585.0,45899.0,미국,미국,워너브러더스 코리아(주),전체 관람가,다큐멘터리,84.0,애덤 브라운,8.0,여름
26.0,노아,2014-03-20,15514373500.0,1.00%,2026594.0,952.0,56722.0,미국,미국,(주)씨제이이엔엠,15세 관람가,모험,139.0,대런 아로노프스키,3.0,봄
27.0,남자가 사랑할 때,2014-01-22,14510222300.0,0.90%,1979311.0,531.0,41123.0,한국,한국,(주)넥스트엔터테인먼트월드(NEW),15세 관람가,드라마,120.0,한동욱,1.0,겨울
28.0,루시,2014-09-03,16468076039.0,1.10%,1974893.0,641.0,44585.0,미국,"미국,프랑스",유니버설픽쳐스인터내셔널 코리아(유),청소년 관람불가,액션,90.0,뤽 베송,9.0,가을
29.0,용의자,2013-12-24,14408028500.0,0.90%,1954586.0,618.0,42310.0,한국,한국,(주)쇼박스,15세 관람가,액션,137.0,원신연,12.0,겨울
30.0,기술자들,2014-12-24,13652480148.0,0.90%,1778083.0,641.0,24416.0,한국,한국,롯데쇼핑㈜롯데엔터테인먼트,15세 관람가,범죄,116.0,김홍선,12.0,겨울
31.0,나를 찾아줘,2014-10-23,14017716731.0,0.90%,1764233.0,689.0,50846.0,미국,미국,이십세기폭스코리아(주),청소년 관람불가,스릴러,149.0,데이빗 핀처,10.0,가을
32.0,제보자,2014-10-02,13515762802.0,0.90%,1755181.0,676.0,58358.0,한국,한국,플러스엠 엔터테인먼트,12세 관람가,드라마,114.0,임순례,10.0,가을
33.0,피끓는 청춘,2014-01-22,11688382888.0,0.80%,1676040.0,679.0,36082.0,한국,한국,롯데쇼핑㈜롯데엔터테인먼트,15세 관람가,코미디,121.0,이연우,1.0,겨울
34.0,두근두근 내 인생,2014-09-03,12291081634.0,0.80%,1624601.0,629.0,40158.0,한국,한국,(주)씨제이이엔엠,12세 관람가,드라마,117.0,이재용,9.0,가을
35.0,우아한 거짓말,2014-03-13,11728460300.0,0.80%,1619188.0,573.0,57492.0,한국,한국,CGV아트하우스,12세 관람가,드라마,117.0,이한,3.0,봄
36.0,300: 제국의 부활,2014-03-06,13395159700.0,0.90%,1593116.0,720.0,54902.0,미국,미국,워너브러더스 코리아(주),청소년 관람불가,액션,102.0,노암 머로,3.0,봄
37.0,엑소더스: 신들과 왕들,2014-12-03,12442681926.0,0.80%,1511195.0,865.0,43742.0,미국,"미국,영국,스페인",이십세기폭스코리아(주),12세 관람가,드라마,154.0,리들리 스콧,12.0,겨울
38.0,해무(海霧),2014-08-13,11706782519.0,0.80%,1475507.0,584.0,33490.0,한국,한국,(주)넥스트엔터테인먼트월드(NEW),청소년 관람불가,드라마,111.0,심성보,8.0,여름
39.0,인간중독,2014-05-14,11284912400.0,0.70%,1441973.0,682.0,44057.0,한국,한국,(주)넥스트엔터테인먼트월드(NEW),청소년 관람불가,드라마,132.0,김대우,5.0,봄
40.0,말레피센트,2014-05-29,10776965900.0,0.70%,1397526.0,554.0,38894.0,미국,미국,소니픽쳐스릴리징월트디즈니스튜디오스코리아(주),12세 관람가,판타지,119.0,요아킴 뢰닝,5.0,봄
41.0,폼페이: 최후의 날,2014-02-20,10303127700.0,0.70%,1373873.0,561.0,43288.0,미국,"미국,독일",롯데쇼핑㈜롯데엔터테인먼트,15세 관람가,액션,104.0,폴 앤더슨,2.0,겨울
42.0,퓨리,2014-11-20,10367640686.0,0.70%,1362114.0,590.0,37155.0,미국,"미국,영국",소니픽쳐스릴리징월트디즈니스튜디오스코리아(주),15세 관람가,액션,134.0,데이비드 에이어,11.0,가을
43.0,드라큘라: 전설의 시작,2014-10-08,10607703908.0,0.70%,1321751.0,477.0,46483.0,미국,미국,유니버설픽쳐스인터내셔널 코리아(유),15세 관람가,판타지,92.0,게리 쇼어,10.0,가을
44.0,가디언즈 오브 갤럭시,2014-07-31,11098239184.0,0.70%,1311190.0,539.0,22417.0,미국,미국,소니픽쳐스릴리징월트디즈니스튜디오스코리아(주),12세 관람가,액션,136.0,제임스 건,7.0,여름
45.0,찌라시: 위험한 소문,2014-02-20,9111748087.0,0.60%,1221427.0,560.0,37426.0,한국,한국,(주)씨제이이엔엠,15세 관람가,드라마,121.0,김광식,2.0,겨울
46.0,빅매치,2014-11-27,8952096578.0,0.60%,1177438.0,627.0,38527.0,한국,한국,(주)넥스트엔터테인먼트월드(NEW),15세 관람가,액션,112.0,최호,11.0,가을
47.0,슬로우 비디오,2014-10-02,8913092219.0,0.60%,1169562.0,618.0,40665.0,한국,한국,이십세기폭스코리아(주),12세 관람가,드라마,106.0,김영탁,10.0,가을
48.0,방황하는 칼날,2014-04-10,7828891800.0,0.50%,989906.0,594.0,38850.0,한국,한국,(주)씨제이이엔엠,청소년 관람불가,스릴러,122.0,이정호,4.0,봄
49.0,로보캅,2014-02-13,7299641958.0,0.50%,979509.0,627.0,29686.0,미국,미국,소니픽쳐스릴리징월트디즈니스튜디오스코리아(주),12세 관람가,액션,121.0,호세 파딜라,2.0,겨울
50.0,우리는 형제입니다,2014-10-23,7263255399.0,0.50%,970373.0,566.0,41638.0,한국,한국,(주)쇼박스,12세 관람가,코미디,102.0,장진,10.0,가을
51.0,애나벨,2014-10-02,7083492943.0,0.50%,926027.0,464.0,29000.0,미국,미국,워너브러더스 코리아(주),,공포,99.0,안토니오 트라쇼라스,10.0,가을
52.0,헝거게임: 모킹제이,2014-11-20,6400058044.0,0.40%,854377.0,630.0,28796.0,미국,미국,롯데쇼핑㈜롯데엔터테인먼트,15세 관람가,판타지,123.0,프란시스 로렌스,11.0,가을
53.0,월터의 상상은 현실이 된다,2013-12-31,6134220799.0,0.40%,834348.0,373.0,22938.0,미국,미국,"글뫼 주식회사,이십세기폭스코리아(주)",12세 관람가,모험,114.0,벤 스틸러,12.0,겨울
54.0,카트,2014-11-13,5912676633.0,0.40%,812490.0,544.0,28547.0,한국,한국,(주)리틀빅픽쳐스,12세 관람가,드라마,104.0,부지영,11.0,가을
55.0,관능의 법칙,2014-02-13,5858771500.0,0.40%,781516.0,591.0,30630.0,한국,한국,롯데쇼핑㈜롯데엔터테인먼트,청소년 관람불가,드라마,108.0,권칠인,2.0,겨울
56.0,리오 2,2014-05-01,5669231900.0,0.40%,765961.0,598.0,14929.0,미국,미국,이십세기폭스코리아(주),전체 관람가,애니메이션,101.0,카를로스 살다나,5.0,봄
57.0,"안녕, 헤이즐",2014-08-13,5833905000.0,0.40%,749146.0,326.0,17946.0,미국,미국,이십세기폭스코리아(주),12세 관람가,드라마,125.0,조쉬 분,8.0,여름
58.0,고질라,2014-05-15,5972847963.0,0.40%,709734.0,610.0,25335.0,미국,미국,워너브러더스 코리아(주),12세 관람가,액션,123.0,가렛 에드워즈,5.0,봄
59.0,트랜센던스,2014-05-14,5478536500.0,0.40%,696436.0,417.0,23243.0,미국,미국,롯데쇼핑㈜롯데엔터테인먼트,12세 관람가,액션,119.0,월리 피스터,5.0,봄
60.0,상의원,2014-12-24,5293724564.0,0.30%,676632.0,466.0,13809.0,한국,한국,"(주)쇼박스,(주)와우픽쳐스",15세 관람가,드라마,127.0,이원석,12.0,겨울
61.0,플랜맨,2014-01-09,4528561558.0,0.30%,632299.0,458.0,20459.0,한국,한국,롯데쇼핑㈜롯데엔터테인먼트,15세 관람가,코미디,115.0,성시흡,1.0,겨울
62.0,우는 남자,2014-06-04,4924852800.0,0.30%,603495.0,508.0,22322.0,한국,한국,(주)씨제이이엔엠,청소년 관람불가,액션,116.0,이정범,6.0,여름
63.0,타잔 3D,2014-01-09,4452845000.0,0.30%,597142.0,527.0,12994.0,독일,독일,(주)싸이더스,전체 관람가,애니메이션,94.0,라인하드 클루스,1.0,겨울
64.0,패션왕,2014-11-06,4367545379.0,0.30%,594871.0,523.0,25487.0,한국,한국,(주)넥스트엔터테인먼트월드(NEW),15세 관람가,드라마,114.0,오기환,11.0,가을
65.0,황제를 위하여,2014-06-11,4754501771.0,0.30%,592435.0,423.0,26736.0,한국,한국,유나이티드픽처스(주),15세 관람가,액션,104.0,박상준,6.0,여름
66.0,더 울프 오브 월스트리트,2014-01-09,4490682000.0,0.30%,585082.0,395.0,13735.0,미국,미국,주식회사 우리네트웍스,청소년 관람불가,코미디,179.0,마틴 스콜세지,1.0,겨울
67.0,스텝 업: 올 인,2014-09-03,4337490134.0,0.30%,564589.0,325.0,15372.0,미국,미국,(주)나이너스엔터테인먼트,12세 관람가,드라마,111.0,트리시 시에,9.0,가을
68.0,어바웃 타임,2013-12-05,4077030200.0,0.30%,536634.0,282.0,12323.0,영국,영국,유니버설픽쳐스인터내셔널 코리아(유),15세 관람가,멜로/로맨스,123.0,리차드 커티스,12.0,겨울
69.0,몬스터,2014-03-13,4138207515.0,0.30%,526557.0,527.0,25460.0,한국,한국,롯데쇼핑㈜롯데엔터테인먼트,청소년 관람불가,스릴러,114.0,황인호,3.0,봄
70.0,노예 12년,2014-02-27,3644423700.0,0.20%,498043.0,326.0,19373.0,미국,"미국,영국","판씨네마(주),(주)프레인글로벌",15세 관람가,드라마,134.0,스티브 맥퀸,2.0,겨울
71.0,또 하나의 약속,2014-02-06,3533799400.0,0.20%,497613.0,192.0,14847.0,한국,한국,영화사올(주),12세 관람가,드라마,115.0,김태윤,2.0,겨울
72.0,엔더스 게임,2013-12-31,3695768000.0,0.20%,487679.0,458.0,18384.0,미국,미국,롯데쇼핑㈜롯데엔터테인먼트,12세 관람가,SF,114.0,개빈 후드,12.0,겨울
73.0,소녀괴담,2014-07-02,3554806054.0,0.20%,481696.0,455.0,19432.0,한국,한국,(주)리틀빅픽쳐스,15세 관람가,드라마,85.0,믹키 리델,7.0,여름
74.0,조선미녀삼총사,2014-01-29,3471341321.0,0.20%,480361.0,388.0,14031.0,한국,한국,(주)쇼박스,12세 관람가,코미디,107.0,박제현,1.0,겨울
75.0,넛잡: 땅콩 도둑들,2014-01-29,3283691800.0,0.20%,478993.0,382.0,10817.0,한국,"한국,캐나다,미국",(주)싸이더스,전체 관람가,애니메이션,86.0,피터 레페니오티스,1.0,겨울
76.0,마담 뺑덕,2014-10-02,3728980590.0,0.20%,471172.0,536.0,21636.0,한국,한국,(주)씨제이이엔엠,청소년 관람불가,멜로/로맨스,111.0,임필성,10.0,가을
77.0,썬더와 마법저택,2013-12-24,3004330500.0,0.20%,444848.0,396.0,9501.0,벨기에,벨기에,(주)씨제이이엔엠,전체 관람가,애니메이션,86.0,벤 스타센,12.0,겨울
78.0,다이버전트,2014-04-16,3297769011.0,0.20%,424045.0,511.0,21396.0,미국,미국,롯데쇼핑㈜롯데엔터테인먼트,12세 관람가,액션,121.0,로베르트 슈벤트케,4.0,봄
79.0,주온 : 끝의 시작,2014-07-16,3071127231.0,0.20%,410644.0,394.0,15339.0,일본,일본,(주)넥스트엔터테인먼트월드(NEW),15세 관람가,공포,91.0,오치아이 마사유키,7.0,여름
80.0,좋은 친구들,2014-07-10,3222101031.0,0.20%,407228.0,371.0,17831.0,한국,한국,(주)씨제이이엔엠,청소년 관람불가,범죄,114.0,이도윤,7.0,여름
81.0,닌자터틀,2014-08-28,3321120147.0,0.20%,400329.0,479.0,15188.0,미국,미국,(주)씨제이이엔엠,12세 관람가,액션,112.0,데이브 그린,8.0,여름
82.0,명탐정 코난 : 이차원의 저격수,2014-08-06,2768375000.0,0.20%,398606.0,299.0,6834.0,일본,일본,(주)씨제이이엔엠,12세 관람가,애니메이션,110.0,시즈노 코분,8.0,여름
83.0,나의 독재자,2014-10-30,2906674546.0,0.20%,385932.0,654.0,24217.0,한국,한국,롯데쇼핑㈜롯데엔터테인먼트,15세 관람가,드라마,127.0,이해준,10.0,가을
84.0,천재 강아지 미스터 피바디,2014-04-24,2859791400.0,0.20%,385552.0,533.0,10520.0,미국,미국,(주)씨제이이엔엠,전체 관람가,애니메이션,92.0,롭 민코프,4.0,봄
85.0,하이힐,2014-06-03,2750311500.0,0.20%,341634.0,385.0,16750.0,한국,한국,롯데쇼핑㈜롯데엔터테인먼트,청소년 관람불가,느와르,125.0,장진,6.0,여름
86.0,선 오브 갓,2014-04-10,2393896300.0,0.20%,329252.0,419.0,15313.0,미국,미국,(주)프레인글로벌,12세 관람가,드라마,138.0,크리스토퍼 스펜서,4.0,봄
87.0,잭 라이언 : 코드네임 쉐도우,2014-01-16,2395391500.0,0.20%,327589.0,419.0,12908.0,미국,"미국,러시아",(주)씨제이이엔엠,12세 관람가,액션,105.0,케네스 브래너,1.0,겨울
88.0,"극장판 포켓몬스터 베스트위시: 신의 속도 게노세크트, 뮤츠의 각성",2014-01-09,2080468500.0,0.10%,320409.0,406.0,8363.0,일본,일본,(주)씨제이이엔엠,전체 관람가,애니메이션,94.0,유야마 쿠니히코,1.0,겨울
89.0,숲속으로,2014-12-24,2409562888.0,0.20%,317406.0,356.0,7709.0,미국,미국,월트디즈니컴퍼니코리아(주),전체 관람가,판타지,125.0,롭 마샬,12.0,겨울
90.0,레드카펫,2014-10-23,2405669580.0,0.20%,316953.0,385.0,17696.0,한국,한국,(주)프레인글로벌,전체 관람가,다큐멘터리,90.0,프레드릭 발리프,10.0,가을
91.0,미녀와 야수,2014-06-18,2393617300.0,0.20%,316332.0,387.0,15414.0,프랑스,프랑스,(주)넥스트엔터테인먼트월드(NEW),전체 관람가,판타지,129.0,빌 콘돈,6.0,여름
92.0,비행기 2: 소방구조대,2014-08-13,2246970700.0,0.10%,311456.0,341.0,6562.0,미국,미국,소니픽쳐스릴리징월트디즈니스튜디오스코리아(주),전체 관람가,애니메이션,83.0,로버츠 개너웨이,8.0,여름
93.0,프랑켄슈타인: 불멸의 영웅,2014-02-06,2175466123.0,0.10%,299205.0,378.0,12113.0,미국,"미국,호주",(주)쇼박스,12세 관람가,액션,93.0,스튜어트 베티,2.0,겨울
94.0,"러브, 로지",2014-12-10,2223782646.0,0.10%,292177.0,379.0,11935.0,영국,"영국,독일",(주)넥스트엔터테인먼트월드(NEW),15세 관람가,멜로/로맨스,102.0,크리스티안 디터,12.0,겨울
95.0,오큘러스,2014-05-29,2122466537.0,0.10%,279488.0,336.0,9210.0,미국,미국,씨네그루(주)다우기술,<dd>18분</dd>,미스터리,105.0,마이크 플래너건,5.0,봄
96.0,사랑에 대한 모든 것,2014-12-10,2124639846.0,0.10%,273336.0,399.0,12417.0,미국,미국,유니버설픽쳐스인터내셔널 코리아(유),12세 관람가,멜로/로맨스,123.0,제임스 마쉬,12.0,겨울
97.0,노벰버 맨,2014-10-16,1891131320.0,0.10%,252444.0,395.0,16197.0,미국,미국,롯데쇼핑㈜롯데엔터테인먼트,15세 관람가,액션,101.0,로저 도널드슨,10.0,가을
98.0,툼스톤,2014-09-18,1875449247.0,0.10%,242707.0,378.0,16226.0,미국,미국,(주)인벤트스톤,청소년 관람불가,액션,113.0,스콧 프랭크,9.0,가을
99.0,레고 무비,2014-02-06,1601300200.0,0.10%,236129.0,317.0,6703.0,미국,미국,워너브러더스 코리아(주),전체 관람가,애니메이션,107.0,마이크 미첼,2.0,겨울
100.0,뽀로로 극장판 눈요정 마을 대모험,,1160549300.0,0.10%,231875.0,181.0,4990.0,한국,한국,,전체 관람가,애니메이션,35.0,김현호,,가을
101.0,쓰리데이즈 투 킬,2014-04-03,1749223200.0,0.10%,229673.0,388.0,13766.0,미국,미국,롯데쇼핑㈜롯데엔터테인먼트,15세 관람가,액션,115.0,맥지,4.0,봄
102.0,저스틴,2013-12-31,1526356500.0,0.10%,229577.0,332.0,6164.0,스페인,스페인,(주)넥스트엔터테인먼트월드(NEW),전체 관람가,애니메이션,90.0,마누엘 시실라,12.0,겨울
103.0,극장판 루팡 3세 VS 명탐정 코난,2014-05-29,1585872205.0,0.10%,225842.0,327.0,5429.0,일본,일본,(주)씨제이이엔엠,12세 관람가,애니메이션,108.0,카메가키 하지메,5.0,봄
104.0,헤라클레스 : 레전드 비긴즈,2014-04-10,1662357151.0,0.10%,221340.0,390.0,14217.0,미국,미국,(주)넥스트엔터테인먼트월드(NEW),15세 관람가,액션,99.0,레니 할린,4.0,봄
105.0,"극장판 파워레인저 다이노포스VS고버스터즈 공룡 대결전! ~안녕, 영원한 친구여!~",2014-10-02,1567640100.0,0.10%,215046.0,363.0,6727.0,일본,일본,(주)이수C&E,전체 관람가,액션,60.0,사카모토 코이치,10.0,가을
106.0,덕수리 5형제,2014-12-04,1590807200.0,0.10%,210777.0,346.0,10719.0,한국,한국,롯데쇼핑㈜롯데엔터테인먼트,15세 관람가,코미디,102.0,전형준,12.0,겨울
107.0,덤 앤 더머 투,2014-11-27,1436861585.0,0.10%,192726.0,343.0,8990.0,미국,미국,씨네그루(주)다우기술,15세 관람가,코미디,108.0,바비 패럴리,11.0,가을
108.0,론 서바이버,2014-04-02,1433147820.0,0.10%,190611.0,305.0,11565.0,미국,미국,유니버설픽쳐스인터내셔널 코리아(유),15세 관람가,액션,121.0,피터 버그,4.0,봄
109.0,컬러풀 웨딩즈,2014-10-16,1455808980.0,0.10%,190384.0,343.0,12956.0,프랑스,프랑스,(주)이수C&E,12세 관람가,코미디,97.0,필립 드 쇼브홍,10.0,가을
110.0,일곱난쟁이,2014-12-24,1317916900.0,0.10%,184661.0,263.0,2847.0,독일,독일,플러스엠 엔터테인먼트,전체 관람가,애니메이션,90.0,헤랄드 지페르만,12.0,겨울
111.0,명탐정 코난 : 탐정들의 진혼가,2014-02-13,1199685100.0,0.10%,182666.0,294.0,5499.0,일본,일본,(주)씨제이이엔엠,12세 관람가,애니메이션,111.0,야마모토 야스이치로,2.0,겨울
112.0,라스트베가스,2014-05-08,1363570176.0,0.10%,177938.0,349.0,10796.0,미국,미국,(주)나이너스엔터테인먼트,15세 관람가,코미디,104.0,존 터틀타웁,5.0,봄
113.0,아빠를 빌려드립니다,2014-11-20,1190329500.0,0.10%,172652.0,326.0,8457.0,한국,한국,"플러스엠 엔터테인먼트,(주)레드로버",12세 관람가,드라마,112.0,김덕수,11.0,가을
114.0,극장판 도라에몽: 진구의 아프리카 모험 ~베코와 5인의 탐험대~,2014-09-04,1200157300.0,0.10%,168171.0,277.0,4040.0,일본,일본,(주)이수C&E,전체 관람가,애니메이션,109.0,야쿠와 신노스케,9.0,가을
115.0,호빗: 스마우그의 폐허,2013-12-12,1286428767.0,0.10%,166866.0,172.0,4394.0,미국,"미국,뉴질랜드",워너브러더스 코리아(주),12세 관람가,판타지,161.0,피터 잭슨,12.0,겨울
116.0,폴리스 스토리 2014,2014-01-29,1138068500.0,0.10%,153591.0,251.0,5490.0,중국,중국,유니버설픽쳐스인터내셔널 코리아(유),15세 관람가,액션,111.0,딩성,1.0,겨울
117.0,익스펜더블 3,2014-08-20,1158358800.0,0.10%,152025.0,320.0,8087.0,미국,미국,롯데쇼핑㈜롯데엔터테인먼트,15세 관람가,액션,127.0,패트릭 휴즈,8.0,여름
118.0,마다가스카의 펭귄,2014-12-31,1048496800.0,0.10%,148890.0,509.0,1497.0,미국,미국,(주)씨제이이엔엠,전체 관람가,애니메이션,92.0,에릭 다넬,12.0,겨울
119.0,테이큰 3,2015-01-01,1013909000.0,0.10%,145627.0,502.0,1688.0,미국,미국,이십세기폭스코리아(주),15세 관람가,액션,112.0,올리비에 메가턴,1.0,겨울
120.0,가시,2014-04-10,1095301000.0,0.10%,142170.0,356.0,11622.0,한국,한국,(주)인벤트스톤,청소년 관람불가,서스펜스,117.0,김태균,4.0,봄
121.0,맨홀,2014-10-08,1084557130.0,0.10%,133663.0,286.0,10324.0,한국,한국,롯데쇼핑㈜롯데엔터테인먼트,청소년 관람불가,공포,101.0,신재영,10.0,가을
122.0,터키,2014-07-31,790848700.0,0.10%,113795.0,182.0,2384.0,미국,미국,롯데쇼핑㈜롯데엔터테인먼트,전체 관람가,애니메이션,91.0,지미 헤이워드,7.0,여름
123.0,더 시그널,2014-07-09,812086328.0,0.10%,106081.0,263.0,6694.0,미국,미국,롯데쇼핑㈜롯데엔터테인먼트,12세 관람가,SF,94.0,윌리엄 유뱅크,7.0,여름
124.0,니드 포 스피드,2014-04-16,835859900.0,0.10%,105340.0,349.0,9991.0,미국,미국,소니픽쳐스릴리징월트디즈니스튜디오스코리아(주),15세 관람가,액션,130.0,스캇 워프,4.0,봄
125.0,박스트롤,2014-11-06,731976100.0,0.00%,102682.0,346.0,3577.0,미국,미국,유니버설픽쳐스인터내셔널 코리아(유),전체 관람가,애니메이션,96.0,그레이엄 애나블,11.0,가을
126.0,다이노소어 어드벤처 3D,2013-12-19,719586500.0,0.00%,92799.0,271.0,3044.0,미국,"미국,영국",이십세기폭스코리아(주),전체 관람가,애니메이션,87.0,닐 나이팅게일,12.0,겨울
127.0,슈퍼미니,2014-04-10,662218500.0,0.00%,92447.0,303.0,3343.0,프랑스,프랑스,판씨네마(주),전체 관람가,애니메이션,92.0,토마스 자보,4.0,봄
128.0,집으로 가는 길,2013-12-11,675687000.0,0.00%,91480.0,149.0,3085.0,한국,한국,(주)씨제이이엔엠,15세 관람가,드라마,131.0,방은진,12.0,겨울
129.0,허큘리스,2014-08-06,669882800.0,0.00%,86553.0,278.0,4318.0,미국,미국,워너브러더스 코리아(주),15세 관람가,액션,98.0,브렛 래트너,8.0,여름
130.0,짱구는 못말려 극장판：엄청 맛있어! B급 음식 서바이벌!,2014-04-03,596032100.0,0.00%,84306.0,301.0,3278.0,일본,일본,롯데쇼핑㈜롯데엔터테인먼트,전체 관람가,애니메이션,95.0,하시모토 마사카즈,4.0,봄
131.0,씬 시티: 다크히어로의 부활,2014-09-11,656718748.0,0.00%,83182.0,345.0,8415.0,미국,미국,플러스엠 엔터테인먼트,청소년 관람불가,액션,102.0,프랭크 밀러,9.0,가을
132.0,터널 3D,2014-08-20,620874000.0,0.00%,80989.0,264.0,5076.0,한국,한국,(주)박수엔터테인먼트,15세 관람가,공포,86.0,박규택,8.0,여름
133.0,아더 우먼,2014-11-13,593353218.0,0.00%,78978.0,331.0,6408.0,미국,미국,이십세기폭스코리아(주),15세 관람가,코미디,109.0,닉 카사베츠,11.0,가을
134.0,브릭 맨션: 통제불능 범죄구역,2014-08-27,543025047.0,0.00%,74912.0,287.0,5707.0,프랑스,"프랑스,캐나다",씨네그루(주)다우기술,15세 관람가,액션,90.0,카밀 들라마레,8.0,여름
135.0,극장판 포켓몬스터 AG - 아름다운 소원의 별 지라치,2014-08-13,531113700.0,0.00%,74346.0,123.0,1998.0,일본,일본,(주)포켓몬코리아,전체 관람가,애니메이션,80.0,유야마 쿠니히코,8.0,여름
136.0,정글히어로,2014-10-02,511579300.0,0.00%,72047.0,287.0,2825.0,한국,한국,(주)씨제이이엔엠,전체 관람가,애니메이션,82.0,박태동,10.0,가을
137.0,모뉴먼츠 맨: 세기의 작전,2014-02-27,534041027.0,0.00%,71483.0,319.0,6244.0,미국,"미국,독일",이십세기폭스코리아(주),12세 관람가,액션,118.0,조지 클루니,2.0,겨울
138.0,인보카머스,2014-08-21,571543200.0,0.00%,69786.0,196.0,3146.0,미국,미국,소니픽쳐스릴리징월트디즈니스튜디오스코리아(주),청소년 관람불가,범죄,118.0,스콧 데릭슨,8.0,여름
139.0,더 퍼지 : 거리의 반란,2014-08-27,455583000.0,0.00%,59881.0,204.0,3512.0,미국,미국,유니버설픽쳐스인터내셔널 코리아(유),청소년 관람불가,공포,103.0,제임스 드모나코,8.0,여름
140.0,극장판 가면라이더 VS 파워레인저 슈퍼히어로 대전,2014-01-23,405278000.0,0.00%,59611.0,183.0,1952.0,일본,일본,롯데쇼핑㈜롯데엔터테인먼트,전체 관람가,액션,89.0,카네다 오사무,1.0,겨울
141.0,다이애나,2014-03-06,413250100.0,0.00%,58296.0,279.0,5354.0,영국,"영국,프랑스,스웨덴,벨기에",(주)영화사 빅,15세 관람가,드라마,112.0,시몽 리폴-위리에르,3.0,봄
142.0,설계,2014-09-18,347980800.0,0.00%,45726.0,257.0,5465.0,한국,한국,(주)팝엔터테인먼트,청소년 관람불가,스릴러,96.0,올리버 히르비겔,9.0,가을
143.0,울브스,2014-11-13,313204669.0,0.00%,43613.0,291.0,4117.0,미국,미국,(주)프레인글로벌,15세 관람가,판타지,90.0,데이비드 헤이터,11.0,가을
144.0,나쁜 이웃들,2014-07-03,342630700.0,0.00%,42335.0,129.0,2344.0,미국,미국,유니버설픽쳐스인터내셔널 코리아(유),청소년 관람불가,코미디,96.0,니콜라스 스톨러,7.0,여름
145.0,천국에 다녀온 소년,2014-06-12,300249500.0,0.00%,41957.0,43.0,2095.0,미국,미국,소니픽쳐스릴리징월트디즈니스튜디오스코리아(주),전체 관람가,드라마,100.0,랜달 웰러스,6.0,여름
146.0,백프로,2014-04-03,284106600.0,0.00%,37909.0,236.0,4915.0,한국,한국,(주)마인스 엔터테인먼트,15세 관람가,코미디,109.0,김명균,4.0,봄
147.0,몬스터 왕국,2014-05-01,254708600.0,0.00%,37582.0,160.0,1824.0,스웨덴,"스웨덴,덴마크",씨너스엔터테인먼트(주),전체 관람가,애니메이션,78.0,에스벤 토프트 야콥슨,5.0,봄
148.0,슈퍼노바 지구 탈출기,2014-02-13,245845000.0,0.00%,37547.0,230.0,2043.0,미국,"미국,캐나다",(주)영화사 빅,전체 관람가,애니메이션,89.0,캘런 브런커,2.0,겨울
149.0,꼬마 잠수함 올리 2,2014-12-04,212760700.0,0.00%,33589.0,186.0,1203.0,미국,미국,예지림엔터테인먼트,전체 관람가,애니메이션,72.0,밥 두셋,12.0,겨울
150.0,배틀 오브 비보이,2014-01-09,214900500.0,0.00%,33360.0,80.0,895.0,미국,미국,소니픽쳐스릴리징월트디즈니스튜디오스코리아(주),12세 관람가,드라마,109.0,벤슨 리,1.0,겨울
1.0,베테랑,2015-08-05,105000000000.0,6.40%,13414009.0,1115.0,199231.0,한국,한국,(주)씨제이이엔엠,15세 관람가,액션,123.0,류승완,8.0,여름
2.0,암살,2015-07-22,98463132781.0,6.00%,12705700.0,1519.0,175185.0,한국,한국,(주)쇼박스,15세 관람가,액션,139.0,최동훈,7.0,여름
3.0,어벤져스: 에이지 오브 울트론,2015-04-23,88582586366.0,5.40%,10494499.0,1843.0,191778.0,미국,미국,"월트디즈니컴퍼니코리아 유한책임회사,월트디즈니컴퍼니코리아(주)",12세 관람가,액션,141.0,조스 웨던,4.0,봄
4.0,국제시장,2014-12-17,69841376134.0,4.30%,8915904.0,1044.0,149061.0,한국,한국,(주)씨제이이엔엠,12세 관람가,드라마,126.0,윤제균,12.0,겨울
5.0,내부자들,2015-11-19,56465665657.0,3.40%,7055332.0,1129.0,152265.0,한국,한국,(주)쇼박스,청소년 관람불가,범죄,130.0,우민호,11.0,가을
6.0,사도,2015-09-16,48842902501.0,3.00%,6246849.0,1210.0,124246.0,한국,한국,(주)쇼박스,12세 관람가,드라마,125.0,이준익,9.0,가을
7.0,킹스맨 : 시크릿 에이전트,2015-02-11,50369009795.0,3.10%,6129681.0,728.0,139988.0,미국,"미국,영국",이십세기폭스코리아(주),청소년 관람불가,액션,128.0,매튜 본,2.0,겨울
8.0,미션 임파서블: 로그네이션,2015-07-30,48547353607.0,3.00%,6126488.0,1202.0,89682.0,미국,미국,롯데쇼핑㈜롯데엔터테인먼트,15세 관람가,액션,131.0,크리스토퍼 맥쿼리,7.0,여름
9.0,연평해전,2015-06-24,45563228330.0,2.80%,6043784.0,1013.0,114450.0,한국,한국,(주)넥스트엔터테인먼트월드(NEW),12세 관람가,드라마,130.0,김학순,6.0,여름
10.0,쥬라기 월드,2015-06-11,47800698826.0,2.90%,5546792.0,1290.0,118959.0,미국,미국,유니버설픽쳐스인터내셔널 코리아(유),12세 관람가,액션,127.0,후안 안토니오 바요나,6.0,여름
11.0,검은 사제들,2015-11-05,42405282092.0,2.60%,5442128.0,1109.0,131155.0,한국,한국,(주)씨제이이엔엠,15세 관람가,공포,88.0,돈 E. 폰트르로이,11.0,가을
12.0,히말라야,2015-12-16,39469775448.0,2.40%,5129409.0,1095.0,81042.0,한국,한국,(주)씨제이이엔엠,12세 관람가,드라마,124.0,이석훈,12.0,겨울
13.0,인사이드 아웃,2015-07-09,38024694936.0,2.30%,4969735.0,931.0,84000.0,미국,미국,월트디즈니컴퍼니코리아(주),전체 관람가,애니메이션,102.0,피트 닥터,7.0,여름
14.0,마션,2015-10-08,39663145295.0,2.40%,4880800.0,1132.0,114183.0,미국,미국,"월트디즈니컴퍼니코리아 유한책임회사,이십세기폭스코리아(주)",12세 관람가,모험,144.0,리들리 스콧,10.0,가을
15.0,조선명탐정 : 사라진 놉의 딸,2015-02-11,30456879428.0,1.90%,3872015.0,825.0,80499.0,한국,한국,(주)쇼박스,12세 관람가,코미디,125.0,김석윤,2.0,겨울
16.0,매드 맥스: 분노의 도로,2015-05-14,32912842162.0,2.00%,3843343.0,799.0,98824.0,미국,"미국,호주",워너브러더스 코리아(주),15세 관람가,액션,120.0,조지 밀러,5.0,봄
17.0,인턴,2015-09-24,28517727148.0,1.70%,3610564.0,659.0,81552.0,미국,미국,워너브러더스 코리아(주),12세 관람가,코미디,121.0,낸시 마이어스,9.0,가을
18.0,분노의 질주: 더 세븐,2015-04-01,26454098694.0,1.60%,3247955.0,983.0,93612.0,미국,미국,유니버설픽쳐스인터내셔널 코리아(유),15세 관람가,액션,138.0,제임스 완,4.0,봄
19.0,터미네이터 제니시스,2015-07-02,26556715129.0,1.60%,3240370.0,1113.0,77590.0,미국,미국,롯데쇼핑㈜롯데엔터테인먼트,15세 관람가,액션,125.0,앨런 테일러,7.0,여름
20.0,스물,2015-03-25,23563421686.0,1.40%,3044811.0,926.0,100161.0,한국,한국,(주)넥스트엔터테인먼트월드(NEW),15세 관람가,코미디,115.0,이병헌,3.0,봄
21.0,극비수사,2015-06-18,22389535897.0,1.40%,2860786.0,894.0,66211.0,한국,한국,(주)쇼박스,15세 관람가,드라마,108.0,곽경택,6.0,여름
22.0,앤트맨,2015-09-03,23529209937.0,1.40%,2841795.0,949.0,74649.0,미국,"미국,영국",월트디즈니컴퍼니코리아(주),12세 관람가,액션,117.0,페이튼 리드,9.0,가을
23.0,스타워즈: 깨어난 포스,2015-12-17,24149478540.0,1.50%,2803234.0,940.0,56425.0,미국,미국,월트디즈니컴퍼니코리아(주),12세 관람가,액션,135.0,J.J. 에이브럼스,12.0,겨울
24.0,빅 히어로,2015-01-21,21993119765.0,1.30%,2801949.0,825.0,62229.0,미국,미국,월트디즈니컴퍼니코리아(주),전체 관람가,애니메이션,108.0,돈 홀,1.0,겨울
25.0,메이즈 러너: 스코치 트라이얼,2015-09-16,21596946349.0,1.30%,2744413.0,804.0,58725.0,미국,미국,이십세기폭스코리아(주),12세 관람가,액션,132.0,웨스 볼,9.0,가을
26.0,탐정 : 더 비기닝,2015-09-24,20463956973.0,1.20%,2625686.0,764.0,54995.0,한국,한국,(주)씨제이이엔엠,15세 관람가,코미디,120.0,김정훈,9.0,가을
27.0,미니언즈,2015-07-29,18998046278.0,1.20%,2625599.0,792.0,41946.0,미국,미국,유니버설픽쳐스인터내셔널 코리아(유),전체 관람가,애니메이션,87.0,카일 발다,7.0,여름
28.0,스파이,2015-05-21,18417637358.0,1.10%,2318748.0,665.0,62960.0,미국,미국,이십세기폭스코리아(주),15세 관람가,코미디,120.0,폴 페이그,5.0,봄
29.0,악의 연대기,2015-05-14,17361815332.0,1.10%,2192525.0,776.0,64351.0,한국,한국,(주)씨제이이엔엠,15세 관람가,범죄,102.0,백운학,5.0,봄
30.0,강남 1970,2015-01-21,17718699499.0,1.10%,2192276.0,841.0,53304.0,한국,한국,(주)쇼박스,청소년 관람불가,액션,135.0,유하,1.0,겨울
31.0,뷰티 인사이드,2015-08-20,16148479531.0,1.00%,2053435.0,648.0,52618.0,한국,한국,(주)넥스트엔터테인먼트월드(NEW),12세 관람가,멜로/로맨스,127.0,백종열,8.0,여름
32.0,오늘의 연애,2015-01-14,14924654487.0,0.90%,1891993.0,709.0,47237.0,한국,한국,(주)씨제이이엔엠,15세 관람가,멜로/로맨스,118.0,박진표,1.0,겨울
33.0,테이큰 3,2015-01-01,15088105000.0,0.90%,1860934.0,616.0,38060.0,미국,미국,이십세기폭스코리아(주),15세 관람가,액션,112.0,올리비에 메가턴,1.0,겨울
34.0,007 스펙터,2015-11-11,14301476030.0,0.90%,1820760.0,1105.0,51940.0,영국,"영국,미국",유니버설픽쳐스인터내셔널 코리아(유),15세 관람가,액션,148.0,샘 멘데스,11.0,가을
35.0,이미테이션 게임,2015-02-17,13655929120.0,0.80%,1743963.0,541.0,44782.0,영국,영국,플러스엠 엔터테인먼트,15세 관람가,드라마,114.0,모튼 틸덤,2.0,겨울
36.0,샌 안드레아스,2015-06-03,14435844152.0,0.90%,1716455.0,847.0,62016.0,미국,미국,워너브러더스 코리아(주),12세 관람가,액션,114.0,브래드 페이튼,6.0,여름
37.0,쎄시봉,2015-02-05,13571515911.0,0.80%,1715370.0,829.0,51744.0,한국,한국,(주)씨제이이엔엠,15세 관람가,멜로/로맨스,122.0,김현석,2.0,겨울
38.0,더 폰,2015-10-22,12309164568.0,0.80%,1593694.0,794.0,53599.0,한국,한국,(주)넥스트엔터테인먼트월드(NEW),15세 관람가,액션,114.0,김봉주,10.0,가을
39.0,대호,2015-12-16,12104808332.0,0.70%,1584168.0,892.0,39599.0,한국,한국,(주)넥스트엔터테인먼트월드(NEW),12세 관람가,드라마,139.0,박훈정,12.0,겨울
40.0,마다가스카의 펭귄,2014-12-31,11450482159.0,0.70%,1512340.0,615.0,27171.0,미국,미국,(주)씨제이이엔엠,전체 관람가,애니메이션,92.0,에릭 다넬,12.0,겨울
41.0,차이나타운,2015-04-29,11990370378.0,0.70%,1472106.0,551.0,45137.0,한국,한국,CGV아트하우스,청소년 관람불가,범죄,110.0,한준희,4.0,봄
42.0,장수상회,2015-04-09,8737364643.0,0.50%,1165780.0,688.0,52928.0,한국,한국,(주)씨제이이엔엠,12세 관람가,드라마,112.0,강제규,4.0,봄
43.0,성난 변호사,2015-10-08,8723650039.0,0.50%,1128288.0,607.0,36990.0,한국,한국,(주)씨제이이엔엠,15세 관람가,범죄,117.0,허종호,10.0,가을
44.0,간신,2015-05-21,8946842910.0,0.50%,1110246.0,697.0,40580.0,한국,한국,롯데쇼핑㈜롯데엔터테인먼트,청소년 관람불가,드라마,131.0,민규동,5.0,봄
45.0,박물관이 살아있다 : 비밀의 무덤,2015-01-14,8170784606.0,0.50%,1101678.0,500.0,30146.0,미국,"미국,영국",이십세기폭스코리아(주),전체 관람가,모험,98.0,숀 레비,1.0,겨울
46.0,그놈이다,2015-10-28,8096427152.0,0.50%,1046015.0,681.0,38678.0,한국,한국,CGV아트하우스,15세 관람가,스릴러,109.0,윤준형,10.0,가을
47.0,미쓰 와이프,2015-08-13,7387086869.0,0.50%,988451.0,437.0,28864.0,한국,한국,플러스엠 엔터테인먼트,15세 관람가,코미디,125.0,강효진,8.0,여름
48.0,몬스터 호텔 2,2015-12-24,7029012585.0,0.40%,962770.0,686.0,12388.0,미국,미국,유니버설픽쳐스인터내셔널 코리아(유),전체 관람가,애니메이션,89.0,젠디 타타코브스키,12.0,겨울
49.0,허삼관,2015-01-14,7408943569.0,0.50%,955679.0,621.0,27645.0,한국,한국,(주)넥스트엔터테인먼트월드(NEW),12세 관람가,드라마,124.0,하정우,1.0,겨울
50.0,살인의뢰,2015-03-12,6986456737.0,0.40%,855980.0,646.0,35244.0,한국,한국,씨네그루(주)다우기술,청소년 관람불가,범죄,102.0,손용호,3.0,봄
51.0,손님,2015-07-09,6385937880.0,0.40%,828025.0,634.0,23404.0,한국,한국,(주)씨제이이엔엠,15세 관람가,판타지,107.0,김광태,7.0,여름
52.0,인시디어스 3,2015-07-09,6396650620.0,0.40%,825517.0,416.0,20824.0,미국,미국,유니버설픽쳐스인터내셔널 코리아(유),15세 관람가,공포,97.0,리 워넬,7.0,여름
53.0,하트 오브 더 씨,2015-12-03,6777420023.0,0.40%,809399.0,535.0,29219.0,미국,미국,워너브러더스 코리아(주),12세 관람가,액션,121.0,론 하워드,12.0,겨울
54.0,헝거게임: 더 파이널,2015-11-18,6069167163.0,0.40%,806520.0,661.0,26973.0,미국,미국,롯데쇼핑㈜롯데엔터테인먼트,15세 관람가,액션,137.0,프란시스 로렌스,11.0,가을
55.0,기술자들,2014-12-24,6241817635.0,0.40%,786257.0,481.0,18808.0,한국,한국,롯데쇼핑㈜롯데엔터테인먼트,15세 관람가,범죄,116.0,김홍선,12.0,겨울
56.0,신데렐라,2015-03-19,5500502900.0,0.30%,716491.0,531.0,27508.0,미국,미국,월트디즈니컴퍼니코리아(주),전체 관람가,멜로/로맨스,113.0,케네스 브래너,3.0,봄
57.0,픽셀,2015-07-16,5390909947.0,0.30%,681945.0,557.0,21307.0,미국,미국,유니버설픽쳐스인터내셔널 코리아(유),12세 관람가,SF,106.0,크리스 콜럼버스,7.0,여름
58.0,열정같은소리하고있네,2015-11-25,4758959902.0,0.30%,654102.0,566.0,30459.0,한국,한국,(주)넥스트엔터테인먼트월드(NEW),15세 관람가,드라마,106.0,정기훈,11.0,가을
59.0,특종: 량첸살인기,2015-10-22,4754763118.0,0.30%,616481.0,776.0,31783.0,한국,한국,롯데쇼핑㈜롯데엔터테인먼트,15세 관람가,스릴러,125.0,노덕,10.0,가을
60.0,서부전선,2015-09-24,4751661400.0,0.30%,609063.0,509.0,18935.0,한국,한국,롯데쇼핑㈜롯데엔터테인먼트,12세 관람가,전쟁,112.0,천성일,9.0,가을
61.0,채피,2015-03-12,4620380654.0,0.30%,573661.0,536.0,24669.0,미국,미국,유니버설픽쳐스인터내셔널 코리아(유),15세 관람가,액션,120.0,닐 블롬캠프,3.0,봄
62.0,극장판 요괴워치: 탄생의 비밀이다냥!,2015-07-22,3888539100.0,0.20%,550924.0,509.0,11765.0,일본,일본,(주)씨제이이엔엠,전체 관람가,애니메이션,97.0,타카하시 시게하루,7.0,여름
63.0,헬머니,2015-03-05,4120166972.0,0.30%,522929.0,422.0,24846.0,한국,한국,(주)넥스트엔터테인먼트월드(NEW),청소년 관람불가,코미디,108.0,신한솔,3.0,봄
64.0,도라에몽 : 스탠 바이 미,2015-02-12,3684756429.0,0.20%,503968.0,432.0,13063.0,일본,일본,(주)넥스트엔터테인먼트월드(NEW),전체 관람가,애니메이션,96.0,야기 류이치,2.0,겨울
65.0,위험한 상견례 2,2015-04-29,3575384754.0,0.20%,472693.0,429.0,18409.0,한국,한국,"롯데쇼핑㈜롯데엔터테인먼트,(주)마인스 엔터테인먼트",15세 관람가,멜로/로맨스,119.0,김진영,4.0,봄
66.0,명탐정 코난 : 화염의 해바라기,2015-08-05,3296031400.0,0.20%,471205.0,433.0,8877.0,일본,일본,(주)씨제이이엔엠,전체 관람가,애니메이션,112.0,시즈노 코분,8.0,여름
67.0,순수의 시대,2015-03-05,3740948828.0,0.20%,469891.0,546.0,23623.0,한국,한국,(주)씨제이이엔엠,청소년 관람불가,드라마,113.0,안상훈,3.0,봄
68.0,오피스,2015-09-03,3460460230.0,0.20%,441208.0,425.0,18575.0,한국,한국,(주)리틀빅픽쳐스,15세 관람가,스릴러,111.0,홍원찬,9.0,가을
69.0,"협녀, 칼의 기억",2015-08-13,3360045489.0,0.20%,431310.0,572.0,16099.0,한국,한국,롯데쇼핑㈜롯데엔터테인먼트,15세 관람가,액션,121.0,박흥식,8.0,여름
70.0,무뢰한,2015-05-27,3262207431.0,0.20%,414641.0,482.0,23660.0,한국,한국,CGV아트하우스,청소년 관람불가,멜로/로맨스,118.0,오승욱,5.0,봄
71.0,판타스틱 4,2015-08-20,3029310600.0,0.20%,399667.0,451.0,16241.0,미국,미국,이십세기폭스코리아(주),12세 관람가,액션,105.0,팀 스토리,8.0,여름
72.0,뽀로로 극장판 컴퓨터 왕국 대모험,2015-12-10,2902090600.0,0.20%,391760.0,544.0,10893.0,한국,한국,(주)넥스트엔터테인먼트월드(NEW),전체 관람가,애니메이션,62.0,박영균,12.0,겨울
73.0,내 심장을 쏴라,2015-01-28,2856859132.0,0.20%,387409.0,452.0,20042.0,한국,한국,"(주)리틀빅픽쳐스,(주)이수C&E",15세 관람가,드라마,102.0,문제용,1.0,겨울
74.0,소수의견,2015-06-24,2892681205.0,0.20%,383582.0,398.0,16273.0,한국,한국,(주)시네마서비스,15세 관람가,드라마,126.0,김성제,6.0,여름
75.0,그레이의 50가지 그림자,2015-02-26,2918598796.0,0.20%,364415.0,512.0,19227.0,미국,미국,유니버설픽쳐스인터내셔널 코리아(유),청소년 관람불가,드라마,105.0,제임스 폴리,2.0,겨울
76.0,홈,2015-05-21,2693335391.0,0.20%,360742.0,532.0,10484.0,미국,미국,(주)씨제이이엔엠,전체 관람가,드라마,100.0,김종우,5.0,봄
77.0,경성학교: 사라진 소녀들,2015-06-18,2749609100.0,0.20%,356415.0,489.0,18520.0,한국,한국,롯데쇼핑㈜롯데엔터테인먼트,15세 관람가,미스터리,99.0,이해영,6.0,여름
78.0,치외법권,2015-08-27,2664941005.0,0.20%,346483.0,446.0,15297.0,한국,한국,판씨네마(주),15세 관람가,액션,104.0,신재호,8.0,여름
79.0,아메리칸 스나이퍼,2015-01-14,2800001438.0,0.20%,344766.0,308.0,10769.0,미국,미국,워너브러더스 코리아(주),청소년 관람불가,액션,132.0,클린트 이스트우드,1.0,겨울
80.0,에베레스트,2015-09-24,3055119748.0,0.20%,332180.0,331.0,9343.0,미국,"미국,영국",유니버설픽쳐스인터내셔널 코리아(유),12세 관람가,모험,121.0,발타자르 코루마쿠르,9.0,가을
81.0,호빗: 다섯 군대 전투,2014-12-17,2840004341.0,0.20%,326887.0,350.0,7347.0,미국,"미국,뉴질랜드",워너브러더스 코리아(주),12세 관람가,판타지,144.0,피터 잭슨,12.0,겨울
82.0,스폰지밥 3D,2015-02-18,2458946200.0,0.20%,325016.0,357.0,8415.0,미국,미국,(주)씨제이이엔엠,전체 관람가,애니메이션,92.0,폴 티비트,2.0,겨울
83.0,극적인 하룻밤,2015-12-03,2610567429.0,0.20%,320884.0,434.0,18332.0,한국,한국,CGV아트하우스,청소년 관람불가,멜로/로맨스,107.0,하기호,12.0,겨울
84.0,도리화가,2015-11-25,2246950339.0,0.10%,317505.0,563.0,19168.0,한국,한국,(주)씨제이이엔엠,12세 관람가,드라마,109.0,이종필,11.0,가을
85.0,주피터 어센딩,2015-02-05,2687549879.0,0.20%,309842.0,561.0,16454.0,미국,미국,워너브러더스 코리아(주),12세 관람가,SF,127.0,라나 워쇼스키,2.0,겨울
86.0,패딩턴,2015-01-07,2246438729.0,0.10%,305102.0,408.0,9738.0,영국,"영국,프랑스,캐나다",롯데쇼핑㈜롯데엔터테인먼트,전체 관람가,코미디,104.0,폴 킹,1.0,겨울
87.0,런 올 나이트,2015-03-19,2293671495.0,0.10%,289534.0,411.0,15865.0,미국,미국,워너브러더스 코리아(주),청소년 관람불가,액션,114.0,자움 콜렛 세라,3.0,봄
88.0,다이노 타임,2015-04-30,2108596800.0,0.10%,284900.0,430.0,6713.0,한국,"한국,미국",(주)씨제이이엔엠,전체 관람가,애니메이션,85.0,최윤석,4.0,봄
89.0,인서전트,2015-03-25,2158449889.0,0.10%,282662.0,480.0,18214.0,미국,미국,롯데쇼핑㈜롯데엔터테인먼트,15세 관람가,SF,119.0,로베르트 슈벤트케,3.0,봄
90.0,백 투 더 비기닝,2015-02-26,2018287400.0,0.10%,266610.0,423.0,13839.0,미국,미국,롯데쇼핑㈜롯데엔터테인먼트,15세 관람가,SF,106.0,딘 이슬래리트,2.0,겨울
91.0,투모로우랜드,2015-05-27,2083283000.0,0.10%,265810.0,435.0,14640.0,미국,미국,월트디즈니컴퍼니코리아(주),12세 관람가,모험,129.0,브래드 버드,5.0,봄
92.0,스파이 브릿지,2015-11-05,2049608478.0,0.10%,264872.0,425.0,12434.0,미국,미국,이십세기폭스코리아(주),12세 관람가,드라마,141.0,스티븐 스필버그,11.0,가을
93.0,함정,2015-09-10,2090877200.0,0.10%,257990.0,445.0,10899.0,한국,한국,(주)인벤트스톤,청소년 관람불가,스릴러,96.0,권형진,9.0,가을
94.0,명탐정 코난 : 코난 실종사건 - 사상 최악의 이틀,2015-02-12,1885543600.0,0.10%,257381.0,187.0,5300.0,일본,일본,(주)씨제이이엔엠,12세 관람가,애니메이션,92.0,야마모토 야스이치로,2.0,겨울
95.0,언브로큰,2015-01-07,1997947292.0,0.10%,256475.0,401.0,10780.0,미국,미국,유니버설픽쳐스인터내셔널 코리아(유),15세 관람가,드라마,137.0,안젤리나 졸리,1.0,겨울
96.0,하늘을 걷는 남자,2015-10-28,2267273653.0,0.10%,238257.0,415.0,12015.0,미국,미국,유니버설픽쳐스인터내셔널 코리아(유),12세 관람가,드라마,123.0,로버트 저메키스,10.0,가을
97.0,극장판 포켓몬스터 XY : 파괴의 포켓몬과 디안시,2015-01-14,1653084000.0,0.10%,233347.0,360.0,7472.0,일본,일본,롯데쇼핑㈜롯데엔터테인먼트,전체 관람가,애니메이션,98.0,유야마 쿠니히코,1.0,겨울
98.0,조선마술사,2015-12-30,1506449794.0,0.10%,224657.0,596.0,4922.0,한국,한국,롯데쇼핑㈜롯데엔터테인먼트,12세 관람가,드라마,122.0,김대승,12.0,겨울
99.0,괴물의 아이,2015-11-25,1652580816.0,0.10%,223216.0,363.0,10487.0,일본,일본,"CGV아트하우스,(주)리틀빅픽쳐스",12세 관람가,애니메이션,119.0,호소다 마모루,11.0,가을
100.0,노아의 방주: 남겨진 녀석들,2015-04-30,1589433800.0,0.10%,220189.0,436.0,5422.0,독일,"독일,벨기에,룩셈부르크,아일랜드",씨네그루(주)다우기술,전체 관람가,애니메이션,85.0,토비 젠켈,4.0,봄
101.0,언프렌디드: 친구삭제,2015-05-07,1645623941.0,0.10%,219892.0,386.0,9994.0,미국,미국,유니버설픽쳐스인터내셔널 코리아(유),15세 관람가,공포,83.0,레반 가브리아제,5.0,봄
102.0,연애의 맛,2015-05-07,1725990153.0,0.10%,214539.0,398.0,12474.0,한국,한국,"(주)와우픽쳐스,(주)쇼박스",청소년 관람불가,코미디,101.0,김아론,5.0,봄
103.0,포켓몬 더 무비 XY 후파: 광륜의 초마신,2015-12-23,1528041500.0,0.10%,214284.0,360.0,4271.0,일본,일본,(주)이수C&E,전체 관람가,애니메이션,80.0,유야마 쿠니히코,12.0,겨울
104.0,버드맨,2015-03-05,1664640800.0,0.10%,206241.0,380.0,12051.0,미국,미국,이십세기폭스코리아(주),청소년 관람불가,코미디,119.0,알레한드로 곤잘레스 이냐리투,3.0,봄
105.0,기생수 파트1,2015-02-26,1543346126.0,0.10%,187291.0,247.0,7405.0,일본,일본,판씨네마(주),청소년 관람불가,SF,110.0,야마자키 다카시,2.0,겨울
106.0,더 셰프,2015-11-05,1482518148.0,0.10%,186511.0,409.0,12461.0,미국,미국,(주)이수C&E,15세 관람가,드라마,101.0,존 웰스,11.0,가을
107.0,팬,2015-10-08,1425325592.0,0.10%,186174.0,428.0,8994.0,미국,미국,워너브러더스 코리아(주),전체 관람가,모험,111.0,조 라이트,10.0,가을
108.0,레전드,2015-12-10,1436348930.0,0.10%,179738.0,449.0,9991.0,프랑스,"프랑스,영국",(주)이수C&E,청소년 관람불가,액션,132.0,브라이언 헬겔랜드,12.0,겨울
109.0,인터스텔라,2014-11-06,1699965700.0,0.10%,178527.0,109.0,2898.0,미국,"미국,영국",워너브러더스 코리아(주),12세 관람가,SF,169.0,크리스토퍼 놀란,11.0,가을
110.0,19곰 테드 2,2015-06-25,1378084400.0,0.10%,170647.0,297.0,7147.0,미국,미국,유니버설픽쳐스인터내셔널 코리아(유),청소년 관람불가,코미디,115.0,세스 맥팔레인,6.0,여름
111.0,아메리칸 울트라,2015-08-27,1301387295.0,0.10%,161382.0,341.0,8634.0,미국,미국,(주)씨제이이엔엠,청소년 관람불가,액션,95.0,니마 누리자데,8.0,여름
112.0,트랜스포터: 리퓰드,2015-10-15,1263319115.0,0.10%,161245.0,432.0,10083.0,프랑스,"프랑스,중국",씨네그루(주)다우기술,15세 관람가,액션,86.0,카밀 들라마레,10.0,가을
113.0,내부자들: 디 오리지널,2015-12-31,1236787715.0,0.10%,160148.0,595.0,1540.0,한국,한국,(주)쇼박스,청소년 관람불가,범죄,180.0,우민호,12.0,겨울
114.0,스누피: 더 피너츠 무비,2015-12-24,1194012100.0,0.10%,156376.0,348.0,3572.0,미국,미국,이십세기폭스코리아(주),전체 관람가,애니메이션,93.0,스티브 마티노,12.0,겨울
115.0,최강전사 미니특공대 : 새로운 악당의 습격,2015-02-05,1171479200.0,0.10%,155348.0,318.0,4610.0,한국,한국,에이원엔터테인먼트,전체 관람가,애니메이션,60.0,이영준,2.0,겨울
116.0,짱구는 못말려 극장판 : 정면승부! 로봇아빠의 역습,2015-04-23,1085388600.0,0.10%,150226.0,372.0,5097.0,일본,일본,(주)이수C&E,전체 관람가,애니메이션,97.0,타카하시 와타루,4.0,봄
117.0,워킹걸,2015-01-07,1183887479.0,0.10%,149181.0,308.0,7076.0,한국,한국,플러스엠 엔터테인먼트,청소년 관람불가,코미디,112.0,정범식,1.0,겨울
118.0,은밀한 유혹,2015-06-04,1137666247.0,0.10%,145547.0,394.0,14968.0,한국,한국,(주)씨제이이엔엠,15세 관람가,범죄,110.0,윤재구,6.0,여름
119.0,워터 디바이너,2015-01-28,1008818235.0,0.10%,136134.0,326.0,9179.0,미국,"미국,호주,터키",롯데쇼핑㈜롯데엔터테인먼트,15세 관람가,드라마,111.0,러셀 크로우,1.0,겨울
120.0,나의 절친 악당들,2015-06-25,1054470664.0,0.10%,133553.0,384.0,9830.0,한국,한국,이십세기폭스코리아(주),청소년 관람불가,액션,110.0,임상수,6.0,여름
121.0,러브 라이브! 더 스쿨 아이돌 무비,2015-09-03,985069000.0,0.10%,130223.0,66.0,2637.0,일본,일본,(주)박수엔터테인먼트,전체 관람가,애니메이션,99.0,쿄고쿠 타카히코,9.0,가을
122.0,퇴마: 무녀굴,2015-08-20,951843500.0,0.10%,120802.0,331.0,6463.0,한국,한국,씨네그루(주)다우기술,15세 관람가,공포,105.0,김휘,8.0,여름
123.0,존 윅,2015-01-21,925995637.0,0.10%,116119.0,321.0,6653.0,미국,미국,"(주)제이앤씨미디어그룹,(주)나이너스엔터테인먼트",청소년 관람불가,액션,107.0,채드 스타헬스키,1.0,겨울
124.0,상의원,2014-12-24,910405400.0,0.10%,113738.0,264.0,3315.0,한국,한국,"(주)쇼박스,(주)와우픽쳐스",15세 관람가,드라마,127.0,이원석,12.0,겨울
125.0,극장판 도라에몽 : 진구의 우주영웅기~스페이스 히어로즈~,2015-09-17,816868100.0,0.00%,113404.0,351.0,3522.0,일본,일본,(주)와우픽쳐스,전체 관람가,애니메이션,100.0,오오스기 요시히로,9.0,가을
126.0,셀프/리스,2015-09-10,874447764.0,0.10%,111127.0,340.0,6785.0,미국,미국,(주)이수C&E,15세 관람가,SF,117.0,타셈 싱,9.0,가을
127.0,맨 프롬 UNCLE,2015-10-28,846390353.0,0.10%,108551.0,361.0,7169.0,미국,미국,워너브러더스 코리아(주),12세 관람가,액션,116.0,가이 리치,10.0,가을
128.0,더 건맨,2015-04-16,833925965.0,0.10%,107444.0,349.0,9352.0,프랑스,"프랑스,스페인,영국",롯데쇼핑㈜롯데엔터테인먼트,15세 관람가,액션,113.0,피에르 모렐,4.0,봄
129.0,사우스포,2015-12-03,757831248.0,0.00%,100785.0,335.0,6516.0,미국,미국,씨네그루(주)다우기술,15세 관람가,드라마,124.0,안톤 후쿠아,12.0,겨울
130.0,돌연변이,2015-10-22,748816684.0,0.00%,100523.0,399.0,6827.0,한국,한국,필라멘트픽쳐스,12세 관람가,드라마,93.0,권오광,10.0,가을
131.0,극장판 파워레인저 트레인포스 VS 다이노포스 THE MOVIE,2015-11-26,730895500.0,0.00%,100026.0,344.0,4120.0,일본,일본,"(주)스마일이엔티,(주)영화사오원",전체 관람가,액션,60.0,와타나베 카츠야,11.0,가을
132.0,7번째 아들,2015-02-11,729980451.0,0.00%,92598.0,358.0,7396.0,미국,"미국,영국,캐나다",유니버설픽쳐스인터내셔널 코리아(유),12세 관람가,판타지,102.0,세르게이 보드로프,2.0,겨울
133.0,포커스,2015-02-26,702878700.0,0.00%,91164.0,349.0,6736.0,미국,미국,워너브러더스 코리아(주),15세 관람가,범죄,104.0,글렌 피카라,2.0,겨울
134.0,갤로우즈,2015-09-03,686186406.0,0.00%,88777.0,299.0,4654.0,미국,미국,워너브러더스 코리아(주),15세 관람가,공포,81.0,트래비스 클러프,9.0,가을
135.0,더 이퀄라이저,2015-01-28,639464500.0,0.00%,82779.0,255.0,4861.0,미국,미국,유니버설픽쳐스인터내셔널 코리아(유),청소년 관람불가,액션,131.0,안톤 후쿠아,1.0,겨울
136.0,엑스 마키나,2015-01-21,633161363.0,0.00%,78435.0,207.0,4062.0,미국,미국,유니버설픽쳐스인터내셔널 코리아(유),청소년 관람불가,드라마,108.0,알렉스 가랜드,1.0,겨울
137.0,모데카이,2015-02-18,624513020.0,0.00%,78070.0,290.0,4241.0,미국,미국,(주)나이너스엔터테인먼트,15세 관람가,액션,106.0,데이빗 코엡,2.0,겨울
138.0,쓰리 썸머 나잇,2015-07-15,616132846.0,0.00%,77621.0,297.0,5391.0,한국,한국,"(주)리틀빅픽쳐스,(주)인벤트스톤",청소년 관람불가,코미디,106.0,김상진,7.0,여름
139.0,피치 퍼펙트: 언프리티 걸즈,2015-05-28,591516497.0,0.00%,75598.0,297.0,5381.0,미국,미국,유니버설픽쳐스인터내셔널 코리아(유),15세 관람가,코미디,114.0,엘리자베스 뱅크스,5.0,봄
140.0,위자,2015-04-16,570989035.0,0.00%,73716.0,337.0,6160.0,미국,미국,유니버설픽쳐스인터내셔널 코리아(유),12세 관람가,공포,99.0,마이크 플래너건,4.0,봄
141.0,다크 플레이스,2015-07-15,530282654.0,0.00%,66075.0,268.0,4160.0,미국,"미국,영국,프랑스","(주)스톰픽쳐스코리아,주식회사 우리네트웍스",청소년 관람불가,드라마,113.0,질스 파겟-브레너,7.0,여름
142.0,히트맨: 에이전트 47,2015-09-03,502308500.0,0.00%,64157.0,272.0,4501.0,미국,미국,이십세기폭스코리아(주),15세 관람가,액션,98.0,알렉산더 바흐,9.0,가을
143.0,보루토 - 나루토 더 무비,2015-12-10,476416400.0,0.00%,64062.0,219.0,2680.0,일본,일본,와이드 릴리즈(주),12세 관람가,애니메이션,95.0,야마시타 히로유키,12.0,겨울
144.0,기생수 파트2,2015-05-07,514500959.0,0.00%,63560.0,260.0,5118.0,일본,일본,판씨네마(주),청소년 관람불가,SF,118.0,야마자키 다카시,5.0,봄
145.0,아더와 미니모이 3: 두 세계의 전쟁,2015-11-05,434914800.0,0.00%,61550.0,267.0,2071.0,프랑스,프랑스,(주)라이크콘텐츠,전체 관람가,애니메이션,101.0,뤽 베송,11.0,가을
146.0,주온: 더 파이널,2015-10-01,462659400.0,0.00%,61130.0,318.0,4882.0,일본,일본,유니버설픽쳐스인터내셔널 코리아(유),15세 관람가,공포,80.0,오치아이 마사유키,10.0,가을
147.0,파더 앤 도터,2015-12-10,464270100.0,0.00%,60829.0,352.0,5487.0,미국,"미국,이탈리아",(주)박수엔터테인먼트,15세 관람가,드라마,91.0,가브리엘 무치노,12.0,겨울
148.0,개구리왕국,2015-11-12,362895100.0,0.00%,53576.0,227.0,1971.0,중국,중국,예지림엔터테인먼트,전체 관람가,애니메이션,77.0,넬슨 신,11.0,가을
149.0,더 비지트,2015-10-15,403435581.0,0.00%,52197.0,279.0,4134.0,미국,미국,유니버설픽쳐스인터내셔널 코리아(유),15세 관람가,스릴러,94.0,M. 나이트 샤말란,10.0,가을
150.0,미안해 사랑해 고마워,2015-10-28,359247800.0,0.00%,51207.0,344.0,6541.0,한국,한국,(주)쇼박스,15세 관람가,드라마,115.0,전윤수,10.0,가을
